Anunciante,Marca,Modelo,Versão,Combustível,Mês de Registo,Ano,Quilómetros,Cilindrada,Potência,Valor Fixo,IVA Discriminado,IVA dedutível,Possibilidade de financiamento,Segmento,Cor,Tipo de Caixa,Nº de portas,Lotação,Tracção,Garantia de Stand (incl. no preço),Registo(s),Origem,Livro de Revisões completo,Não fumador,Condição,Preco,ID Anuncio,Data Anuncio,Consumo Urbano,Tipo de cor,Aceita retoma,Número de Mudanças,Classe do veículo,Emissões CO2,2º Chave,Consumo Extra Urbano,Bateria,Autonomia Máxima,IUC,Sub-modelo,Garantia de Fábrica até,Inspecção válida até,Filtro de partículas,ou até,Consumo Combinado,Autonomia,Consumo
Profissional,Peugeot,308 SW,1.5 BlueHDi Style,Diesel,Dezembro,2018,193 584 km,1 499 cm3,130 cv,Sim,Sim,Sim,Sim,Carrinha,Cinzento,Manual,5,5,Tracção dianteira,18 Meses,1,Nacional,Sim,Sim,Usados,12 990        EUR,8088297141,26 Junho 2023,,,,,,,,,,,,,,,,,,,
Particular,Audi,A4 Avant,2.0 TDI Business Line S-line,Diesel,Abril,2013,327 000 km,1 968 cm3,150 cv,,,,,Carrinha,Branco,Manual,5,,,,,,,,Usados,13 500        EUR,8089903361,25 Junho 2023,"5,40 l/100km",,,,,,,,,,,,,,,,,,
Particular,Audi,A5 Cabrio,2.0 TDi Multitronic S-line,Diesel,Dezembro,2015,58 500 km,1 968 cm3,190 cv,,,,,Cabrio,Branco,Manual,2,4,,,,,,,Usados,28 900        EUR,8088912258,23 Junho 2023,,Pérola,,,,,,,,,,,,,,,,,
Profissional,Renault,Captur,0.9 TCE Exclusive,Gasolina,Setembro,2019,51 186 km,898 cm3,90 cv,,,Sim,Sim,SUV / TT,Cinzento,Manual,5,5,Tracção dianteira,36 Meses,,,,,Usados,15 500        EUR,8089621811,26 Junho 2023,"6,30 l/100km",Metalizado,Sim,5,Classe 1,146 g/km,Sim,"4,80 l/100km",,,,,,,,,,,
Profissional,Tesla,Model 3,Long-Range Dual Motor AWD,Eléctrico,Novembro,2021,4 014 km,,351 cv,,,Sim,Sim,Sedan,Cinzento,Automática,4,5,,36 Meses,,Importado,,,Usados,49 900        EUR,8086893712,26 Junho 2023,,,Sim,,,,,,Própria,,,,,,,,,,
Profissional,Citroën,C3,1.2 PureTech Feel,Gasolina,Julho,2017,34 200 km,1 199 cm3,68 cv,,,,Sim,Citadino,Branco,Manual,5,5,Tracção dianteira,18 Meses,1,Nacional,,Sim,Usados,12 500        EUR,8089859636,26 Junho 2023,"5,70 l/100km",Mate,Sim,5,,109 g/km,Sim,"4,10 l/100km",,,,,,,,,,,
Particular,Smart,ForTwo,1.0 Passion 71,Gasolina,Janeiro,2015,106 000 km,999 cm3,71 cv,,,,,Coupé,Cinzento,Manual,3,2,Tracção traseira,,,,,,Usados,8 500        EUR,8089628592,26 Junho 2023,"4,90 l/100km",Mate,,5,Classe 1,93 g/km,,"3,70 l/100km",,133 000 km,108 €,,,,,,,,
Profissional,VW,Golf,2.0 TSI GTI DSG Performance,Gasolina,Setembro,2019,63 000 km,1 984 cm3,245 cv,Sim,,,Sim,Utilitário,Vermelho,Automática,5,5,Tracção dianteira,18 Meses,1,,Sim,Sim,Usados,34 950        EUR,8089636155,26 Junho 2023,"8,20 l/100km",Metalizado,Sim,7,,144 g/km,Sim,"5,20 l/100km",,,,,,,,,,,
Profissional,Peugeot,208,1.5 BlueHDi Signature,Diesel,Abril,2019,107 000 km,1 499 cm3,102 cv,Sim,,,Sim,Citadino,Cinzento,Manual,5,5,,18 Meses,,Nacional,Sim,Sim,Usados,13 990        EUR,8089642380,26 Junho 2023,,,Sim,6,Classe 1,,Sim,,,,,,,,,,,,
Profissional,BMW,520,d Line Luxury Auto,Diesel,Março,2018,98 000 km,1 995 cm3,190 cv,Sim,,,Sim,Carrinha,Cinzento,Automática,5,5,,18 Meses,,Nacional,Sim,Sim,Usados,31 990        EUR,8089642378,26 Junho 2023,,,Sim,,Classe 1,,Sim,,,,,Série 5,,,,,,,
Profissional,BMW,420 Gran Coupé,d Pack M Auto,Diesel,Agosto,2021,32 300 km,1 995 cm3,190 cv,Sim,,,,Sedan,Cinzento,Automática,5,5,,36 Meses,1,Nacional,,,Usados,49 900        EUR,8089912691,26 Junho 2023,,,Sim,,,,,,,,,Série 4,01/01/0001,,,,,,
Profissional,Jeep,Renegade,1.3 T Limited DCT,Gasolina,Março,2019,68 400 km,1 332 cm3,150 cv,Sim,,,Sim,SUV / TT,Cinzento,Automática,5,5,,18 Meses,1,Nacional,,,Usados,24 950        EUR,8089912690,26 Junho 2023,,,Sim,,,,,,,,,,,,,,,,
Profissional,Citroën,Saxo,1.1i SX,Gasolina,Março,1999,150 000 km,1 124 cm3,60 cv,,,,,Citadino,Cinzento,Manual,5,5,Tracção dianteira,18 Meses,,Nacional,,Sim,Usados,1 665        EUR,8089912688,26 Junho 2023,"8,60 l/100km",Metalizado,Sim,5,Classe 1,,Sim,,,,28 €,,,22/03/2024,,,,,
Profissional,BMW,320,d Touring Pack M Auto,Diesel,Dezembro,2021,33 980 km,1 995 cm3,190 cv,Sim,,,Sim,Carrinha,Branco,Automática,5,5,,36 Meses,1,,Sim,Sim,Usados,49 900        EUR,8088320741,26 Junho 2023,,Metalizado,Sim,8,Classe 1,,Sim,,,,,Série 3,01/01/0001,,Sim,,,,
Particular,Ligier,JS 60,,Diesel,Junho,2021,11 500 km,500 cm3,8 cv,,,,,Citadino,Branco,Automática,3,,,,,,,,Usados,15 900        EUR,8089877306,26 Junho 2023,,Pérola,,,,,,,,,,,,,,,,,
Particular,VW,Golf,1.6 TDi GPS Edition,Diesel,Junho,2015,225 000 km,1 598 cm3,110 cv,,,,,Utilitário,Cinzento,Manual,5,5,Tracção dianteira,,1,Nacional,Sim,Sim,Usados,12 650        EUR,8089760762,26 Junho 2023,"4,70 l/100km",Metalizado,,5,Classe 1,105 g/km,Sim,"3,70 l/100km",,,,,,,,,,,
Profissional,Ford,Fiesta,1.0 EcoBoost Connected,Gasolina,Abril,2021,45 000 km,998 cm3,95 cv,Sim,Sim,Sim,Sim,Citadino,Preto,Manual,5,5,Tracção dianteira,60 Meses,1,Nacional,Sim,Sim,Usados,15 980        EUR,8088731931,26 Junho 2023,5 l/100km,Metalizado,Sim,5,Classe 1,,Sim,,,,,,20/04/2028,,,140 000 km,,,
Profissional,Smart,ForTwo,0.8 cdi Pulse 54,Diesel,Julho,2012,160 845 km,799 cm3,54 cv,,,,Sim,Cabrio,Branco,Automática,2,2,Tracção traseira,18 Meses,,,Sim,Sim,Usados,7 499        EUR,8089622445,26 Junho 2023,"3,30 l/100km",Metalizado,Sim,5,Classe 1,86 g/km,Sim,"3,30 l/100km",,,,,,,,,,,
Profissional,Opel,Corsa,1.3 CDTi Cosmo,Diesel,Janeiro,2008,172 100 km,1 248 cm3,90 cv,,,,,Utilitário,Preto,Manual,5,5,Tracção dianteira,18 Meses,2,Nacional,,Sim,Usados,6 650        EUR,8089237641,26 Junho 2023,"6,30 l/100km",Metalizado,Sim,6,Classe 1,146 g/km,Sim,,,,140 €,,,30/01/2024,,,,,
Profissional,Renault,Captur,0.9 TCE Exclusive,Gasolina,Fevereiro,2018,118 940 km,898 cm3,90 cv,Sim,,,Sim,SUV / TT,Cinzento,Manual,5,5,,18 Meses,,Nacional,,,Usados,15 990        EUR,8089720251,26 Junho 2023,,,,,Classe 1,,Sim,,,,,,,,,,,,
Profissional,Mercedes-Benz,CLA 180,d AMG Line,Diesel,Março,2017,163 500 km,1 461 cm3,109 cv,Sim,,,Sim,Sedan,Preto,Manual,4,,,18 Meses,,,Sim,,Usados,22 990        EUR,8088592259,26 Junho 2023,"4,70 l/100km",Metalizado,Sim,,,,Sim,,,,,Classe CLA,,,,,,,
Profissional,Hyundai,Santa Fe,2.2 CRDi 7Wagon Style,Diesel,Dezembro,2010,194 700 km,2 199 cm3,197 cv,,,,Sim,SUV / TT,Preto,Manual,5,7,Tracção dianteira,18 Meses,1,Nacional,Sim,Sim,Usados,13 900        EUR,8089237950,26 Junho 2023,"8,50 l/100km",Metalizado,Sim,6,Classe 1,174 g/km,,,,,,,,22/12/2023,,,,,
Particular,VW,Up!,1.0 BlueMotion Move,Gasolina,Março,2016,70 000 km,999 cm3,60 cv,Sim,,,,Citadino,Branco,Manual,5,,Tracção dianteira,,1,Nacional,Sim,Sim,Usados,7 800        EUR,8089471884,26 Junho 2023,5 l/100km,Metalizado,,5,Classe 1,,Sim,,,,,,,25/03/2024,,,,,
Profissional,Maserati,Grecale,2.0 GT,Gasolina,Julho,2022,1 000 km,1 995 cm3,300 cv,,,,Sim,SUV / TT,Preto,Automática,5,5,Integral,36 Meses,,,Sim,,Usados,125 000        EUR,8088278912,26 Junho 2023,,Metalizado,,,,,Sim,,,,,,,,,,,,
Profissional,Hummer,H2,6.0 Luxury,Gasolina,Junho,2005,68 000 km,5 967 cm3,325 cv,,,,Sim,SUV / TT,Cinzento,Automática,5,5,Integral,18 Meses,,,,,Usados,55 000        EUR,8085948561,26 Junho 2023,,Metalizado,,,,,,,,,,,,,,,,,
Profissional,Mercedes-Benz,C 63 AMG,S,Gasolina,Outubro,2015,120 000 km,3 982 cm3,510 cv,,,,Sim,Carrinha,Cinzento,Automática,5,5,,18 Meses,,,,,Usados,65 990        EUR,8088584500,26 Junho 2023,,Metalizado,,7,Classe 1,,,,,,,Classe C,,,,,,,
Profissional,Mercedes-Benz,A 200,d AMG Line Aut.,Diesel,Junho,2017,135 000 km,2 143 cm3,136 cv,,,,Sim,Utilitário,Preto,Automática,5,5,Tracção dianteira,18 Meses,,,,,Usados,25 990        EUR,8089634709,26 Junho 2023,"5,20 l/100km",Metalizado,Sim,7,Classe 1,,,"3,40 l/100km",,,,Classe A,,,Sim,,,,
Profissional,Nissan,Almera,2.2 Di Elegance,Diesel,Março,2002,357 100 km,2 184 cm3,110 cv,,,,Sim,Sedan,Preto,Manual,3,5,Tracção dianteira,18 Meses,1,Nacional,,Sim,Usados,3 250        EUR,8088772505,26 Junho 2023,"7,50 l/100km",Metalizado,Sim,5,Classe 1,,Sim,,,,,,,26/03/2024,,,,,
Profissional,VW,Golf Variant,1.6 TDi Trendline,Diesel,Outubro,2014,131 992 km,1 598 cm3,105 cv,,Sim,,Sim,Carrinha,Preto,Manual,5,5,Tracção dianteira,18 Meses,1,Nacional,Sim,Sim,Usados,13 450        EUR,8089848786,26 Junho 2023,"4,90 l/100km",Metalizado,Sim,5,Classe 1,102 g/km,Sim,"3,30 l/100km",,,148 €,,,,,,,,
Profissional,Mercedes-Benz,C 220,D Avantgarde,Diesel,Junho,2022,20 849 km,1 993 cm3,200 cv,Sim,,,,Sedan,Cinzento,Automática,4,5,,24 Meses,,Nacional,,,Usados,53 000        EUR,8089517250,26 Junho 2023,,,,,,,,,,,,Classe C,,,,,"4,50 l/100km",,
Profissional,Tesla,Model 3,Performance Dual Motor AWD,Eléctrico,Setembro,2021,6 597 km,,513 cv,,,,Sim,Sedan,Branco,Automática,4,5,,36 Meses,,Importado,,,Usados,49 800        EUR,8086893744,26 Junho 2023,,,Sim,,,,,,Própria,,,,,,,,,,
Profissional,Renault,Captur,1.5 dCi Exclusive,Diesel,Março,2017,166 306 km,1 461 cm3,110 cv,Sim,Sim,Sim,Sim,SUV / TT,Preto,Manual,5,5,Tracção dianteira,18 Meses,1,Nacional,Sim,Sim,Usados,13 890        EUR,8088644471,26 Junho 2023,,,,,,,,,,,,,,,,,,,
Profissional,Mercedes-Benz,A 180,d AMG Line Aut.,Diesel,Abril,2022,20 700 km,1 950 cm3,116 cv,Sim,,,,Utilitário,Preto,Automática,5,5,,24 Meses,,Nacional,,,Usados,36 500        EUR,8089159384,26 Junho 2023,,,,,,,,,,,,Classe A,,,,,5 l/100km,,
Profissional,Mercedes-Benz,C 220,d Avantgarde,Diesel,Fevereiro,2022,30 000 km,1 992 cm3,200 cv,Sim,,,,Carrinha,Cinzento,Automática,5,5,,24 Meses,,Nacional,,,Usados,53 000        EUR,8089159392,26 Junho 2023,,,,,,,,,,,,Classe C,,,,,"4,70 l/100km",,
Profissional,Mercedes-Benz,C 300,,Diesel,Janeiro,2022,15 900 km,1 992 cm3,265 cv,Sim,,,,Carrinha,Preto,Automática,5,5,,24 Meses,,Nacional,,,Usados,59 000        EUR,8089159342,26 Junho 2023,,,,,,,,,,,,Classe C,,,,,"5,20 l/100km",,
Profissional,Mercedes-Benz,C 220,d Avantgarde,Diesel,Fevereiro,2022,20 250 km,1 993 cm3,200 cv,Sim,,,,Carrinha,Cinzento,Automática,5,5,,24 Meses,,Nacional,,,Usados,53 000        EUR,8089159301,26 Junho 2023,,,,,,,,,,,,Classe C,,,,,"4,70 l/100km",,
Profissional,Mercedes-Benz,C 220,d Aut.,Diesel,Maio,2019,124 365 km,1 950 cm3,194 cv,Sim,,,Sim,Cabrio,Azul,Automática,2,4,Tracção traseira,18 Meses,,,,,Usados,42 900        EUR,8089790802,26 Junho 2023,"5,50 l/100km",Metalizado,Sim,9,,138 g/km,,"4,70 l/100km",,,,Classe C,,,,,,,
Profissional,Smart,ForTwo,Electric Drive Passion,Eléctrico,Dezembro,2020,14 027 km,,82 cv,,,Sim,Sim,Coupé,Preto,,2,2,,18 Meses,,Importado,,,Usados,19 500        EUR,8089579788,26 Junho 2023,,,Sim,,,,Sim,,Própria,,,,,,,,,,
Profissional,Opel,Astra,1.2 T GS Line S/S,Gasolina,Fevereiro,2020,45 000 km,1 199 cm3,130 cv,,Sim,,Sim,Utilitário,Azul,Manual,5,5,,18 Meses,,Nacional,Sim,Sim,Usados,17 950        EUR,8088403598,26 Junho 2023,,,Sim,,,,Sim,,,,,,,,,,,,
Profissional,Renault,Clio,,Gasolina,Abril,2019,92 330 km,898 cm3,90 cv,Sim,,,Sim,Citadino,Preto,Manual,5,5,,18 Meses,,,,,Usados,14 370        EUR,8087777410,26 Junho 2023,,Metalizado,Sim,5,Classe 1,,,,,,,,,,,,,,
Profissional,Mercedes-Benz,E 300,De AMG Line,Híbrido (Diesel),Julho,2022,14 300 km,1 950 cm3,306 cv,Sim,,,,Carrinha,Preto,Automática,5,5,,24 Meses,,Nacional,,,Usados,69 000        EUR,8089159483,26 Junho 2023,,,,,,,,,,,,Classe E,,,,,"1,40 l/100km",,
Profissional,Mercedes-Benz,E 300,De AMG Line,Híbrido (Diesel),Novembro,2019,84 500 km,1 950 cm3,306 cv,Sim,,,,Sedan,Preto,Automática,4,5,,24 Meses,,Nacional,,,Usados,43 500        EUR,8089159485,26 Junho 2023,,,,,,,,,,,,Classe E,,,,,,,
Profissional,SEAT,Leon ST,1.4 e-Hybrid FR DSG,Híbrido (Gasolina),Abril,2021,56 000 km,1 395 cm3,204 cv,Sim,,Sim,Sim,Carrinha,Cinzento,Automática,5,5,,18 Meses,1,Nacional,Sim,Sim,Usados,30 750        EUR,8089252547,26 Junho 2023,,,Sim,,Classe 1,,Sim,,,,144 €,,,,,,,,
Profissional,Mercedes-Benz,C 300,,Diesel,Dezembro,2021,38 000 km,1 992 cm3,265 cv,Sim,,,,Carrinha,Vermelho,Automática,5,5,,24 Meses,,Nacional,,,Usados,64 000        EUR,8089159413,26 Junho 2023,,,,,,,,,,,,Classe C,,,,,"5,20 l/100km",,
Profissional,Mercedes-Benz,CLA 180,d Style Plus Aut.,Diesel,Abril,2022,30 500 km,1 950 cm3,116 cv,Sim,,,,Coupé,Cinzento,Automática,4,5,,24 Meses,,Nacional,,,Usados,38 000        EUR,8089159453,26 Junho 2023,,,,,,,,,,,,Classe CLA,,,,,"3,70 l/100km",,
Profissional,Mercedes-Benz,E 300,De AMG Line,Híbrido (Diesel),Julho,2022,6 600 km,1 950 cm3,306 cv,Sim,,,,Sedan,Cinzento,Automática,4,5,,24 Meses,,Nacional,,,Usados,66 500        EUR,8089159499,26 Junho 2023,,,,,,,,,,,,Classe E,,,,,"1,30 l/100km",,
Profissional,Mercedes-Benz,C 220,d Avantgarde,Diesel,Fevereiro,2022,20 250 km,1 993 cm3,200 cv,Sim,,,,Carrinha,Cinzento,Automática,5,5,,24 Meses,,Nacional,,,Usados,53 000        EUR,8089159301,26 Junho 2023,,,,,,,,,,,,Classe C,,,,,"4,70 l/100km",,
Profissional,Mercedes-Benz,A 180,d AMG Line Aut.,Diesel,Julho,2021,36 100 km,1 950 cm3,116 cv,Sim,,,,Utilitário,Branco,Automática,5,5,,24 Meses,,Nacional,,,Usados,34 000        EUR,8089159273,26 Junho 2023,,,,,,,,,,,,Classe A,,,,,5 l/100km,,
Profissional,Mercedes-Benz,GLC 300,de 4Matic,Híbrido (Diesel),Novembro,2021,39 000 km,1 950 cm3,320 cv,Sim,,,,SUV / TT,Preto,Automática,5,5,,24 Meses,,Nacional,,,Usados,69 900        EUR,8089159389,26 Junho 2023,,,,,,,,,,,,Classe GLC,,,,,"1,70 l/100km",,
Profissional,Mercedes-Benz,C 220,d Avantgarde,Diesel,Fevereiro,2022,30 000 km,1 992 cm3,200 cv,Sim,,,,Carrinha,Cinzento,Automática,5,5,,24 Meses,,Nacional,,,Usados,53 000        EUR,8089159392,26 Junho 2023,,,,,,,,,,,,Classe C,,,,,"4,70 l/100km",,
Profissional,Mercedes-Benz,A 180,d AMG Line Aut.,Diesel,Julho,2021,20 000 km,1 950 cm3,116 cv,Sim,,,,Utilitário,Branco,Automática,5,5,,24 Meses,,Nacional,,,Usados,34 000        EUR,8089159400,26 Junho 2023,,,,,,,,,,,,Classe A,,,,,5 l/100km,,
Profissional,Mercedes-Benz,C 220,d Avantgarde,Diesel,Março,2022,28 500 km,1 992 cm3,200 cv,Sim,,,,Carrinha,Cinzento,Automática,5,5,,24 Meses,,Nacional,,,Usados,53 000        EUR,8089159404,26 Junho 2023,,,,,,,,,,,,Classe C,,,,,"4,70 l/100km",,
Profissional,Mercedes-Benz,A 180,d AMG Line Aut.,Diesel,Abril,2022,20 700 km,1 950 cm3,116 cv,Sim,,,,Utilitário,Preto,Automática,5,5,,24 Meses,,Nacional,,,Usados,36 500        EUR,8089159384,26 Junho 2023,,,,,,,,,,,,Classe A,,,,,5 l/100km,,
Profissional,Mercedes-Benz,A 180,d AMG Line Aut.,Diesel,Abril,2022,20 600 km,1 950 cm3,116 cv,Sim,,,,Utilitário,Branco,Automática,5,5,,24 Meses,,Nacional,,,Usados,36 500        EUR,8089159380,26 Junho 2023,,,,,,,,,,,,Classe A,,,,,5 l/100km,,
Profissional,Fiat,500C,1.3 16V Multijet Lounge,Diesel,Outubro,2013,98 000 km,1 248 cm3,95 cv,,,,Sim,Pequeno citadino,Vermelho,Manual,2,4,,18 Meses,1,Nacional,,Sim,Usados,10 400        EUR,8088543664,26 Junho 2023,,,Sim,,Classe 1,,Sim,,,,,,,,,,,,
Profissional,Ford,Fiesta,1.5 TDCi Business,Diesel,Outubro,2019,89 250 km,1 499 cm3,85 cv,,,Sim,Sim,Utilitário,Cinzento,Manual,5,5,,24 Meses,,Importado,Sim,,Usados,15 450        EUR,8088338667,26 Junho 2023,,Metalizado,Sim,,,,Sim,,,,,,,,,,,,
Profissional,Mercedes-Benz,C 220,D AMG Line,Diesel,Maio,2021,27 500 km,1 992 cm3,200 cv,Sim,,,,Sedan,Azul,Automática,4,5,,24 Meses,,Nacional,,,Usados,58 000        EUR,8089400988,26 Junho 2023,,,,,,,,,,,,Classe C,,,,,5 l/100km,,
Profissional,Hyundai,i30 CW,1.6 CRDi Comfort,Diesel,Agosto,2008,290 000 km,1 582 cm3,90 cv,Sim,,,,Carrinha,Preto,Manual,5,5,,18 Meses,1,Nacional,,,Usados,3 499        EUR,8088769964,26 Junho 2023,"5,50 l/100km",,,,,,,,,,,,,,,,,,
Profissional,Audi,A1,1.6 TDI Sport Edition,Diesel,Fevereiro,2014,260 000 km,1 598 cm3,90 cv,Sim,,,,Utilitário,Vermelho,Manual,3,5,,18 Meses,2,Nacional,Sim,,Usados,9 899        EUR,8089521164,26 Junho 2023,"4,40 l/100km",,,,,99 g/km,Sim,,,,,,,,Sim,,,,
Profissional,Mercedes-Benz,C 200,(BlueTEC) d Station AMG Line,Diesel,Janeiro,2015,189 000 km,1 598 cm3,136 cv,Sim,,,,Carrinha,Branco,Manual,5,5,,100 Meses,1,,,Sim,Usados,18 999        EUR,8089912596,26 Junho 2023,"5,10 l/100km",,Sim,6,Classe 1,,Sim,,,,153 €,Classe C,,31/01/2024,Sim,,,,
Profissional,Volvo,V90,2.0 D4 Momentum,Diesel,Novembro,2017,184 124 km,1 969 cm3,190 cv,,Sim,Sim,Sim,Carrinha,Castanho,Manual,5,5,Tracção dianteira,18 Meses,1,Nacional,,Sim,Usados,25 900        EUR,8089300219,26 Junho 2023,,Metalizado,Sim,6,Classe 1,,Sim,,,,238 €,,,30/11/2023,Sim,,,,
Profissional,Toyota,Yaris,1.0 VVT-i,Gasolina,Dezembro,2006,220 000 km,998 cm3,69 cv,Sim,,,,Utilitário,Cinzento,Manual,5,5,,18 Meses,2,Nacional,,,Usados,3 499        EUR,8089470347,26 Junho 2023,"6,40 l/100km",,,5,,127 g/km,,,,,21 €,,,,,,,,
Particular,Land Rover,Range Rover Sport,3.0 SDV6 HSE,Diesel,Dezembro,2015,240 km,2 993 cm3,306 cv,,,,,SUV / TT,Preto,Automática,5,7,,,,,Sim,Sim,Usados,48 800        EUR,8089686939,26 Junho 2023,"7,90 l/100km",Metalizado,,,,,Sim,,,,,,,,,,,,
Profissional,BMW,118,d Pack M Auto,Diesel,Maio,2017,175 000 km,1 995 cm3,150 cv,,,,Sim,Utilitário,Cinzento,Automática,5,5,Tracção traseira,18 Meses,,,,Sim,Usados,21 500        EUR,8087919818,26 Junho 2023,"4,70 l/100km",Metalizado,Sim,8,,,Sim,,,,,Série 1,,,Sim,,,,
Profissional,Peugeot,2008,1.6 BlueHDi Style,Diesel,Maio,2016,97 000 km,1 560 cm3,100 cv,Sim,,,Sim,SUV / TT,Preto,Manual,5,5,Tracção dianteira,18 Meses,,,,Sim,Usados,15 350        EUR,8088772841,26 Junho 2023,"3,90 l/100km",Metalizado,Sim,5,Classe 1,,Sim,,,,147 €,,,,,,,,
Profissional,Suzuki,Swift,1.2 VVT GLX Sunroof,Gasolina,Fevereiro,2011,269 000 km,1 242 cm3,94 cv,Sim,,,Sim,Utilitário,Cinzento,Manual,5,5,Tracção dianteira,18 Meses,,Nacional,,Sim,Usados,7 990        EUR,8089567521,26 Junho 2023,"6,10 l/100km",Metalizado,Sim,5,Classe 1,116 g/km,Sim,"4,40 l/100km",,,,,,15/02/2024,,,,,
Profissional,Mercedes-Benz,C 220,d Station 9G-TRONIC Edition,Diesel,Outubro,2017,128 000 km,2 143 cm3,170 cv,Sim,,,Sim,Carrinha,Preto,Automática,5,5,Tracção traseira,18 Meses,,,,Sim,Usados,26 490        EUR,8089188678,26 Junho 2023,"5,30 l/100km",Metalizado,Sim,9,Classe 1,,Sim,,,,,Classe C,,,,,,,
Profissional,Mercedes-Benz,CLA 180,CDi Urban,Diesel,Outubro,2014,160 000 km,1 461 cm3,109 cv,Sim,,,Sim,Coupé,Cinzento,Manual,4,5,Tracção dianteira,18 Meses,,,,Sim,Usados,21 990        EUR,8089346845,26 Junho 2023,"4,70 l/100km",Metalizado,Sim,6,Classe 1,,Sim,,,,147 €,Classe CLA,,15/10/2023,,,,,
Profissional,Peugeot,3008,1.6 BlueHDi Style,Diesel,Julho,2015,236 000 km,1 560 cm3,120 cv,,,,,SUV / TT,Azul,Manual,5,5,Tracção dianteira,18 Meses,,,,Sim,Usados,14 990        EUR,8089340820,26 Junho 2023,"4,60 l/100km",Metalizado,,6,Classe 1,,Sim,,,,147 €,,,15/07/2024,,,,,
Profissional,Citroën,C5 Tourer,1.6 HDi Séduction,Diesel,Fevereiro,2013,198 000 km,1 560 cm3,112 cv,Sim,,,Sim,Carrinha,Cinzento,Manual,5,5,Tracção dianteira,18 Meses,,Nacional,,Sim,Usados,12 490        EUR,8089579672,26 Junho 2023,6 l/100km,Metalizado,Sim,5,Classe 1,129 g/km,Sim,"4,40 l/100km",,,147 €,,,15/02/2024,,,,,
Profissional,BMW,118,d Line Sport,Diesel,Outubro,2015,173 000 km,1 995 cm3,150 cv,Sim,,,Sim,Utilitário,Cinzento,Manual,5,5,Tracção traseira,18 Meses,,,,Sim,Usados,19 990        EUR,8089569697,26 Junho 2023,,Metalizado,Sim,6,Classe 1,142 g/km,Sim,,,,,Série 1,,,Sim,,,,
Profissional,Nissan,Qashqai,1.5 dCi Tekna Sport 17,Diesel,Outubro,2008,299 000 km,1 461 cm3,106 cv,Sim,,,Sim,SUV / TT,Preto,Manual,5,5,Tracção dianteira,18 Meses,,Nacional,,Sim,Usados,9 490        EUR,8089704537,26 Junho 2023,"5,90 l/100km",Metalizado,Sim,6,Classe 1,135 g/km,Sim,"4,70 l/100km",,,147 €,,,,,,,,
Profissional,BMW,520,d Line Sport Auto,Diesel,Setembro,2018,92 000 km,1 995 cm3,190 cv,Sim,Sim,,Sim,Carrinha,Preto,Automática,5,,Tracção traseira,18 Meses,1,Nacional,,Sim,Usados,34 750        EUR,8088719389,26 Junho 2023,,Metalizado,Sim,8,Classe 1,,Sim,,,,,Série 5,,,,,,,
Particular,Ford,Focus,1.5 TDCi ST-Line,Diesel,Agosto,2018,120 000 km,1 499 cm3,120 cv,,,,,Utilitário,Preto,Manual,5,5,Tracção dianteira,,,,Sim,Sim,Usados,14 990        EUR,8089898075,24 Junho 2023,,,,6,Classe 1,,Sim,,,,,,,,,,,,
Profissional,SEAT,Leon,1.5 eTSI FR DSG,Gasolina,Dezembro,2020,28 366 km,1 498 cm3,150 cv,Sim,,,Sim,Utilitário,Outra,Automática,5,5,Tracção dianteira,18 Meses,1,Nacional,Sim,,Usados,28 500        EUR,8088536419,26 Junho 2023,"6,30 l/100km",Metalizado,Sim,7,,,Sim,,,,,,,,,,,,
Profissional,MINI,Cooper,D,Diesel,Abril,2015,69 000 km,1 496 cm3,116 cv,Sim,,,Sim,Citadino,Branco,Manual,5,5,,18 Meses,,Nacional,Sim,Sim,Usados,16 990        EUR,8089781109,26 Junho 2023,,Metalizado,Sim,,Classe 1,,Sim,,,,,,,,Sim,,,,
Particular,Hyundai,i20,1.2,Gasolina,Outubro,2018,59 711 km,1 248 cm3,75 cv,Sim,,,,Citadino,Preto,Manual,5,5,Tracção dianteira,,,,,,Usados,11 990        EUR,8089784436,26 Junho 2023,"6,60 l/100km",Metalizado,,5,,119 g/km,,"4,20 l/100km",,,,,,,,,,,
Profissional,VW,ID.3,Pro Performamnce 1st,Eléctrico,Maio,2020,34 000 km,,204 cv,Sim,,Sim,,Citadino,Branco,Automática,5,5,Tracção dianteira,18 Meses,,,Sim,Sim,Usados,33 990        EUR,8089112906,26 Junho 2023,,Metalizado,,7,Classe 1,,Sim,,Própria,,,,,,,,,424 km,"15,50 kWh/100km"
Profissional,Renault,Laguna Break,1.6 RXE,Gasolina,Abril,1999,187 787 km,1 598 cm3,110 cv,,,,Sim,Carrinha,Cinzento,Manual,5,,Tracção dianteira,18 Meses,1,Nacional,Sim,Sim,Usados,2 750        EUR,8087923158,26 Junho 2023,,Metalizado,Sim,5,Classe 1,,Sim,,,,,,,,,,,,
Profissional,Toyota,iQ,1.0 VVT-i Essential+AC,Gasolina,Maio,2009,50 000 km,998 cm3,68 cv,Sim,,,Sim,Pequeno citadino,Branco,Manual,3,4,Tracção dianteira,18 Meses,,,,Sim,Usados,7 999        EUR,8089792928,26 Junho 2023,"4,90 l/100km",Pérola,Sim,5,Classe 1,99 g/km,Sim,"3,90 l/100km",,,,,,,,,,,
Profissional,Mercedes-Benz,B 180,CDi,Diesel,Janeiro,2009,126 000 km,1 991 cm3,109 cv,,,,Sim,Monovolume,Preto,Manual,5,5,Tracção dianteira,18 Meses,,,,Sim,Usados,10 750        EUR,8089793119,26 Junho 2023,"6,40 l/100km",Metalizado,Sim,6,Classe 1,136 g/km,Sim,"4,40 l/100km",,,,Classe B,,,,,,,
Profissional,Audi,A3 Sportback,1.6 TDI Attraction S-Tronic,Diesel,Junho,2010,180 000 km,1 598 cm3,105 cv,Sim,,,Sim,Utilitário,Preto,Automática,5,5,Tracção dianteira,18 Meses,1,Nacional,Sim,Sim,Usados,13 490        EUR,8089793325,26 Junho 2023,"4,90 l/100km",Metalizado,Sim,7,Classe 1,112 g/km,Sim,"3,90 l/100km",,,,,,,,,,,
Profissional,Mercedes-Benz,A 200 Limousine,d Progressive Aut.,Diesel,Dezembro,2019,125 000 km,1 950 cm3,150 cv,,,,Sim,Sedan,Preto,Automática,4,5,Tracção dianteira,18 Meses,,,Sim,,Usados,30 000        EUR,8089848783,26 Junho 2023,"5,10 l/100km",Metalizado,Sim,8,,124 g/km,Sim,"3,60 l/100km",,,,Classe A,,,,,,,
Particular,BMW,520,d Touring,Diesel,Julho,2012,191 423 km,1 995 cm3,184 cv,,,,,Carrinha,Preto,Manual,5,5,Tracção traseira,,,,,Sim,Usados,13 650        EUR,8089711535,26 Junho 2023,"5,80 l/100km",Metalizado,,6,Classe 1,129 g/km,Sim,"4,40 l/100km",,,,Série 5,,,Sim,,,,
Particular,Mercedes-Benz,A 160,,Diesel,Janeiro,2014,150 000 km,1 461 cm3,90 cv,Sim,,,,Citadino,Preto,Manual,5,5,Tracção dianteira,,1,Nacional,Sim,Sim,Usados,15 999        EUR,8089845832,26 Junho 2023,,Metalizado,,,Classe 1,98 g/km,,,,,,Classe A,,07/01/2024,,,,,
Profissional,BMW,420 Gran Coupé,d Pack M Auto,Diesel,Agosto,2016,250 000 km,1 995 cm3,190 cv,,,,Sim,Sedan,Azul,Automática,5,,,36 Meses,1,Nacional,Sim,Sim,Usados,21 990        EUR,8089875166,26 Junho 2023,,Metalizado,Sim,,,,Sim,,,,,Série 4,,,,,,,
Profissional,Citroën,C8,2.0 HDi 16V Exclusive 7L.,Diesel,Setembro,2008,127 000 km,1 997 cm3,136 cv,,,,Sim,Monovolume,Azul,Manual,5,8,Tracção dianteira,18 Meses,2,Nacional,Sim,Sim,Usados,8 400        EUR,8089877596,26 Junho 2023,9 l/100km,Metalizado,,6,,179 g/km,Sim,6 l/100km,,,,,,,,,,,
Profissional,Renault,Clio,1.5 dCi Limited,Diesel,Julho,2017,76 000 km,1 461 cm3,90 cv,,,,Sim,Citadino,Cinzento,Manual,5,5,,18 Meses,1,,,Sim,Usados,15 950        EUR,8088267706,26 Junho 2023,"4,30 l/100km",Metalizado,Sim,5,Classe 1,85 g/km,Sim,,,,"147,21 €",,,27/07/2023,,,,,
Profissional,VW,ID.3,Pro Performance,Eléctrico,Maio,2022,2 km,,204 cv,,,Sim,Sim,Utilitário,Branco,Automática,5,5,,36 Meses,,Importado,,,Usados,44 500        EUR,8088242960,26 Junho 2023,,,Sim,,,,,,Própria,,,,,,,,,,
Profissional,Volvo,V60,2.4 D6 R-Design Sum.AWD Phev,Híbrido (Diesel),Agosto,2014,263 000 km,2 400 cm3,286 cv,,,,,Carrinha,Preto,Automática,5,5,,18 Meses,,,,,Usados,16 900        EUR,8089189192,26 Junho 2023,,,Sim,6,,,Sim,,,,,,,01/08/2023,,,,,
Profissional,Renault,Espace,1.6 dCi Initiale Paris EDC,Diesel,Setembro,2016,195 000 km,1 598 cm3,160 cv,Sim,Sim,,,Monovolume,Cinzento,Automática,5,7,Tracção dianteira,36 Meses,,,Sim,Sim,Usados,21 490        EUR,8089586423,26 Junho 2023,,,Sim,7,Classe 1,,Sim,,,,,,,,,,,,
Profissional,Alfa Romeo,Stelvio,2.2 D Super AT8,Diesel,Outubro,2018,126 708 km,2 143 cm3,180 cv,Sim,,,Sim,SUV / TT,Azul,Automática,5,5,,18 Meses,,Importado,Sim,Sim,Usados,34 990        EUR,8089050775,26 Junho 2023,,Metalizado,Sim,,Classe 1,124 g/km,Sim,,,,,,,,,,,,
Profissional,BMW,116,d Pack M,Diesel,Novembro,2015,121 000 km,1 496 cm3,116 cv,Sim,,,Sim,Utilitário,Preto,Manual,5,5,Tracção traseira,18 Meses,,Importado,Sim,Sim,Usados,17 990        EUR,8088128466,26 Junho 2023,,,Sim,,Classe 1,,Sim,,,,,Série 1,,30/11/2023,,,,,
Profissional,Audi,A7 Sportback,40 TDI S tronic,Diesel,Julho,2020,55 000 km,1 968 cm3,204 cv,Sim,,,Sim,Sedan,Azul,Automática,5,5,,18 Meses,1,Nacional,Sim,Sim,Usados,61 750        EUR,8089491475,26 Junho 2023,,,Sim,,Classe 1,,Sim,,,,"235,26 €",,,,Sim,,,,
Profissional,Renault,Twingo,1.0 SCe Limited,Gasolina,Março,2019,84 632 km,999 cm3,70 cv,,,,Sim,Citadino,Branco,Manual,5,4,,18 Meses,,Nacional,,,Usados,14 950        EUR,8088154479,26 Junho 2023,5 l/100km,,Sim,5,,,,,,,,,,,,,,,
Profissional,MINI,Clubman,One D Auto,Diesel,Dezembro,2021,49 000 km,1 496 cm3,116 cv,Sim,,,Sim,Carrinha,Cinzento,Automática,6,5,,18 Meses,1,Nacional,Sim,Sim,Usados,31 750        EUR,8089463073,26 Junho 2023,,,Sim,,Classe 1,,Sim,,,,"154,12 €",,,,Sim,,,,
Profissional,SEAT,Alhambra,2.0 TDi Style Advanced,Diesel,Junho,2016,133 000 km,1 968 cm3,150 cv,,,,Sim,Monovolume,Azul,Manual,5,7,,18 Meses,1,Nacional,,Sim,Usados,26 500        EUR,8088052599,26 Junho 2023,,,Sim,6,,,Sim,,,,,,,,Sim,,,,
Profissional,Nissan,Qashqai,1.5 dCi Business Edition DCT,Diesel,Abril,2019,98 785 km,1 461 cm3,115 cv,,,,Sim,SUV / TT,Preto,Automática,5,5,Tracção dianteira,18 Meses,,Importado,,,Usados,26 950        EUR,8087409210,26 Junho 2023,"4,50 l/100km",,Sim,,,,,,,,,,,,Sim,,,,
Profissional,Mercedes-Benz,EQC,400 4Matic,Eléctrico,Maio,2021,41 931 km,,408 cv,Sim,,,,SUV / TT,Cinzento,Automática,5,5,,24 Meses,,Nacional,,,Usados,70 000        EUR,8089636660,26 Junho 2023,,,,,,,,,,,,,,,,,,,
Profissional,Ford,Focus,1.6 TDCi Trend,Diesel,Fevereiro,2008,98 000 km,1 560 cm3,90 cv,Sim,,,Sim,Utilitário,Cinzento,Manual,5,5,,18 Meses,1,,,,Usados,7 499        EUR,8088733136,26 Junho 2023,,Metalizado,Sim,5,Classe 1,,,,,,,,,,,,,,
Profissional,Audi,A4 Avant,2.0 TDI Advance,Diesel,Junho,2017,204 007 km,1 968 cm3,150 cv,Sim,Sim,Sim,Sim,Carrinha,Preto,Manual,5,5,Tracção dianteira,18 Meses,1,Nacional,Sim,Sim,Usados,17 990        EUR,8088017204,26 Junho 2023,,,,,,,,,,,,,,,,,,,
Profissional,VW,Sharan,2.0 TDI Highline DSG,Diesel,Junho,2019,27 229 km,1 968 cm3,150 cv,Sim,,,,Monovolume,Preto,Automática,5,5,,36 Meses,,Nacional,,,Usados,44 000        EUR,8089517281,26 Junho 2023,,,,,,,,,,,,,,,,,,,
Profissional,Land Rover,Range Rover Velar,3.0 D R-Dynamic,Diesel,Janeiro,2019,112 900 km,2 993 cm3,300 cv,Sim,,,Sim,SUV / TT,Cinzento,Automática,5,5,,18 Meses,,Nacional,,Sim,Usados,74 990        EUR,8088643379,26 Junho 2023,,,,,,,,,,,,,,,,,,,
Profissional,Ford,Focus SW,1.6 TDCi Titanium,Diesel,Maio,2014,186 836 km,1 560 cm3,115 cv,Sim,,,Sim,Carrinha,Preto,Manual,5,5,,18 Meses,,Nacional,,,Usados,10 900        EUR,8088920864,26 Junho 2023,,,Sim,,,,,,,,,,,,,,,,
Profissional,Ford,Focus SW,1.5 TDCi EcoBlue Business,Diesel,Dezembro,2018,163 994 km,1 499 cm3,120 cv,Sim,Sim,Sim,Sim,Carrinha,Cinzento,Manual,5,5,Tracção dianteira,18 Meses,1,Nacional,Sim,Sim,Usados,14 990        EUR,8088017011,26 Junho 2023,,,,,,,,,,,,,,,,,,,
Profissional,Nissan,Micra,1.0 IG-T N-Connecta,Gasolina,Dezembro,2019,88 911 km,999 cm3,100 cv,,,,Sim,Citadino,Cinzento,Manual,5,5,Tracção dianteira,18 Meses,,Nacional,,,Usados,17 950        EUR,8088645974,26 Junho 2023,,Metalizado,Sim,5,Classe 1,,Sim,,,,,,,,,,,,
Profissional,VW,Passat Variant,1.6 TDI Trendline,Diesel,Abril,2015,188 157 km,1 598 cm3,120 cv,Sim,Sim,Sim,Sim,Carrinha,Cinzento,Manual,5,5,Tracção dianteira,18 Meses,1,Nacional,Sim,Sim,Usados,12 490        EUR,8088016776,26 Junho 2023,,,,,,,,,,,,,,,,,,,
Profissional,VW,Passat Variant,1.6 TDI Trendline,Diesel,Janeiro,2015,223 059 km,1 598 cm3,120 cv,Sim,Sim,Sim,Sim,Carrinha,Cinzento,Manual,5,5,Tracção dianteira,18 Meses,1,Nacional,Sim,Sim,Usados,12 390        EUR,8088016745,26 Junho 2023,,,,,,,,,,,,,,,,,,,
Profissional,Mercedes-Benz,E 220,CDi Avantgarde BlueEfficiency,Diesel,Junho,2010,126 000 km,2 143 cm3,170 cv,Sim,,,Sim,Carrinha,Preto,Manual,3,4,,25 400 Meses,1,Nacional,Sim,Sim,Usados,23 900        EUR,8088074425,26 Junho 2023,"6,60 l/100km",Metalizado,Sim,,Classe 1,,Sim,,,,,Classe E,,28/06/2023,,,,,
Profissional,Peugeot,208,1.6 BlueHDi Access,Diesel,Junho,2016,93 437 km,1 560 cm3,75 cv,Sim,Sim,Sim,Sim,Citadino,Cinzento,Manual,5,5,Tracção dianteira,18 Meses,1,Nacional,Sim,Sim,Usados,10 990        EUR,8089390074,26 Junho 2023,,,,,,,,,,,,,,,,,,,
Profissional,VW,Sharan,2.0 TDI Highline DSG,Diesel,Setembro,2013,294 000 km,1 968 cm3,177 cv,Sim,,,Sim,Monovolume,Azul,Automática,5,7,Tracção dianteira,18 Meses,,Nacional,,,Usados,16 950        EUR,8089795314,26 Junho 2023,"6,50 l/100km",Metalizado,Sim,6,,182 g/km,,"5,10 l/100km",,,,,,,,,,,
Profissional,Renault,Clio Sport Tourer,1.5 dCi Zen,Diesel,Março,2017,189 106 km,1 461 cm3,90 cv,Sim,,,Sim,Carrinha,Cinzento,Manual,5,5,Tracção dianteira,18 Meses,,,,Sim,Usados,9 995        EUR,8087431441,25 Junho 2023,"3,30 l/100km",Metalizado,Sim,5,Classe 1,82 g/km,,,,,,,,,Sim,,,,
Profissional,SEAT,Leon ST,1.6 TDI Style S/S,Diesel,Maio,2018,225 439 km,1 598 cm3,115 cv,Sim,Sim,Sim,Sim,Carrinha,Branco,Manual,5,5,Tracção dianteira,18 Meses,1,Nacional,Sim,Sim,Usados,13 490        EUR,8088016829,26 Junho 2023,"4,70 l/100km",Metalizado,,5,Classe 1,,,,,,,,,,,,,,
Profissional,Jaguar,XK,XKR 4.0 Convertible,Gasolina,Julho,2000,167 000 km,3 996 cm3,363 cv,Sim,,,Sim,Cabrio,Prateado,Automática,2,5,,18 Meses,1,Nacional,,,Usados,41 950        EUR,8087196330,26 Junho 2023,,,Sim,,Classe 1,,Sim,,,,,,,,,,,,
Profissional,Nissan,Leaf,Tekna 30 kWh,Eléctrico,Abril,2017,121 000 km,,109 cv,,,Sim,Sim,Utilitário,Branco,Automática,5,5,,18 Meses,,,,,Usados,14 900        EUR,8088732625,26 Junho 2023,,,Sim,,,,,,,,,,,01/04/2025,,,,,
Profissional,Peugeot,308 SW,1.2 PureTech Business Line,Gasolina,Outubro,2015,157 000 km,1 199 cm3,110 cv,Sim,,,Sim,Carrinha,Preto,Manual,5,5,Tracção dianteira,18 Meses,1,Importado,Sim,Sim,Usados,9 990        EUR,8088209066,26 Junho 2023,,,Sim,5,Classe 1,,Sim,,,,,,,31/10/2023,,,,,
Profissional,VW,Polo,1.4 TDi Confortline Nav,Diesel,Abril,2017,128 960 km,1 422 cm3,75 cv,Sim,,,Sim,Citadino,Cinzento,Manual,3,3,Tracção dianteira,18 Meses,1,,Sim,Sim,Usados,12 490        EUR,8087775389,26 Junho 2023,,Metalizado,Sim,,Classe 1,,Sim,,,,"154,12 €",,,,Sim,,,,
Profissional,SEAT,Ibiza ST,1.2 12V Fresc,Gasolina,Junho,2010,120 000 km,1 198 cm3,70 cv,Sim,,,Sim,Carrinha,Preto,Manual,5,5,Tracção dianteira,36 Meses,1,Nacional,Sim,Sim,Usados,6 999        EUR,8089004308,26 Junho 2023,,Metalizado,Sim,5,Classe 1,,,,,,,,,,,,,,
Particular,Toyota,C-HR,1.8 HSD Comfort,Híbrido (Gasolina),Janeiro,2017,113 000 km,1 798 cm3,122 cv,,,,,Utilitário,Cinzento,Automática,5,5,Tracção dianteira,,1,Nacional,Sim,Sim,Usados,20 000        EUR,8089628558,26 Junho 2023,"3,40 l/100km",Metalizado,,,,109 g/km,Sim,4 l/100km,,,,,,,,,,,
Profissional,Volvo,V60,1.6 D2 Drive Summum Start/Stop,Diesel,Outubro,2012,180 000 km,1 560 cm3,115 cv,,,,,Carrinha,Preto,Manual,5,5,,18 Meses,,,Sim,Sim,Usados,12 499        EUR,8089524090,26 Junho 2023,"5,20 l/100km",Metalizado,Sim,,,,Sim,,,,,,,,,,,,
Profissional,Dacia,Sandero,0.9 TCe SL Stepway of Life Easy-R,Gasolina,Outubro,2017,49 873 km,898 cm3,90 cv,,,,,Citadino,Cinzento,Automática,5,5,,18 Meses,,,Sim,Sim,Usados,14 999        EUR,8089525742,26 Junho 2023,"5,70 l/100km",Metalizado,Sim,,,,Sim,,,,,,,,,,,,
Particular,Jeep,Renegade,1.6 MJD Limited,Diesel,Agosto,2015,146 000 km,1 598 cm3,120 cv,,,,,SUV / TT,Laranja,Manual,5,,,,2,Importado,,Sim,Usados,15 750        EUR,8089762720,26 Junho 2023,"5,80 l/100km",Metalizado,,,,,Sim,,,,,,,,,,,,
Profissional,VW,Tiguan,1.4 TSI eHybrid Conceptline DSG,Híbrido (Gasolina),Março,2023,7 100 km,1 395 cm3,245 cv,,,Sim,Sim,SUV / TT,Cinzento,Automática,5,5,,18 Meses,,Nacional,,,Usados,39 500        EUR,8089912444,26 Junho 2023,,,Sim,,,,,,,,,,,,,,,,
Profissional,Nissan,Qashqai,1.5 dCi N-Connecta 18 RS+PS,Diesel,Agosto,2017,90 000 km,1 461 cm3,110 cv,,,,,SUV / TT,Cinzento,Manual,5,5,,18 Meses,,,Sim,Sim,Usados,19 899        EUR,8089370441,26 Junho 2023,"4,20 l/100km",Metalizado,Sim,,,,Sim,,,,,,,,,,,,
Profissional,Mercedes-Benz,C 220,CDI Elegance,Diesel,Dezembro,2010,190 000 km,2 148 cm3,170 cv,,,,,Sedan,Cinzento,Manual,4,5,,18 Meses,,,,,Usados,15 749        EUR,8086201331,26 Junho 2023,"8,20 l/100km",Metalizado,Sim,,,,,,,,,Classe C,,,,,,,
Profissional,Mercedes-Benz,CLA 180,d Shooting Brake Style Plus Aut.,Diesel,Junho,2022,21 359 km,1 950 cm3,116 cv,Sim,Sim,,Sim,Carrinha,Cinzento,Automática,5,5,Tracção dianteira,24 Meses,,Nacional,Sim,,Usados,38 990        EUR,8089093491,26 Junho 2023,"5,50 l/100km",Metalizado,Sim,8,Classe 1,,Sim,,,,,Classe CLA,,,Sim,,,,
Particular,Kia,Picanto,1.0,Gasolina,Novembro,2011,99 000 km,998 cm3,69 cv,,,,,Pequeno citadino,Branco,Manual,5,5,,,,,,,Usados,7 350        EUR,8089186293,26 Junho 2023,,Metalizado,,,,,,,,,,,,,,,,,
Profissional,Peugeot,208,1.2 PureTech GT Line EAT6,Gasolina,Dezembro,2018,60 000 km,1 199 cm3,110 cv,,,,,Citadino,Branco,Automática,5,5,,18 Meses,,,Sim,Sim,Usados,17 499        EUR,8089316467,26 Junho 2023,"6,20 l/100km",Metalizado,Sim,,,,Sim,,,,,,,,,,,,
Profissional,Citroën,C4 Grand Picasso,1.6 BlueHDi Shine,Diesel,Agosto,2018,100 000 km,1 560 cm3,120 cv,,,,,Monovolume,Cinzento,Manual,5,7,,18 Meses,,,Sim,Sim,Usados,21 999        EUR,8088032565,26 Junho 2023,"4,50 l/100km",Metalizado,Sim,6,,,Sim,,,,,,,,,,,,
Particular,Mercedes-Benz,E 300,TD Classic,Diesel,Maio,1998,575 000 km,2 996 cm3,177 cv,,,,,Carrinha,Cinzento,Automática,5,7,Tracção traseira,,,,,,Usados,5 000        EUR,8089457069,26 Junho 2023,,Metalizado,,,,,,,,,,Classe E,,,,,,,
Particular,Mercedes-Benz,CLA 200,d Shooting Brake AMG Line Aut.,Diesel,Abril,2018,169 000 km,2 143 cm3,136 cv,Sim,,,,Carrinha,Preto,Automática,5,,,,,Nacional,Sim,,Usados,26 900        EUR,8089805522,26 Junho 2023,"6,60 l/100km",Metalizado,,,,,Sim,,,,,Classe CLA,,,,,,,
Profissional,Audi,A4,1.8 Turbo Sport,Gasolina,Agosto,2001,199 000 km,1 781 cm3,150 cv,Sim,,,Sim,Sedan,Azul,Manual,4,,,36 Meses,,,,,Usados,5 250        EUR,8089912390,26 Junho 2023,,Metalizado,Sim,,,,,,,,,,,,,,,,
Profissional,Opel,Vivaro,1.6 CDTi L1H1 2.9T 6L S/S,Diesel,Janeiro,2018,25 000 km,1 598 cm3,95 cv,,,Sim,Sim,Monovolume,Cinzento,Manual,5,6,,18 Meses,1,Nacional,Sim,Sim,Usados,32 900        EUR,8089292595,26 Junho 2023,7 l/100km,Metalizado,Sim,6,Classe 2,164 g/km,Sim,,,,,,,31/01/2024,,,,,
Profissional,Peugeot,3008,1.5 BlueHDi GT Line,Diesel,Dezembro,2018,83 000 km,1 499 cm3,130 cv,,Sim,,Sim,SUV / TT,Cinzento,Manual,5,5,,18 Meses,1,Nacional,Sim,Sim,Usados,29 950        EUR,8088537812,26 Junho 2023,"4,70 l/100km",Metalizado,Sim,8,Classe 1,,Sim,,,,,,,16/12/2024,,,,,
Profissional,Ford,Fiesta,1.6 T ST,Gasolina,Dezembro,2013,120 000 km,1 596 cm3,182 cv,,,,,Citadino,Branco,Manual,3,5,,18 Meses,,,Sim,Sim,Usados,16 499        EUR,8087792439,26 Junho 2023,,Metalizado,Sim,6,,,Sim,,,,,,,,,,,,
Profissional,BMW,Z3,1.9,Gasolina,Dezembro,2002,179 278 km,1 895 cm3,118 cv,,,,,Cabrio,Cinzento,Manual,2,2,,18 Meses,,,Sim,,Usados,16 999        EUR,8086610576,26 Junho 2023,"11,50 l/100km",Metalizado,Sim,,,,Sim,,,,,Série Z,,,,,,,
Particular,Porsche,Macan,S,Gasolina,Novembro,2015,116 000 km,2 997 cm3,340 cv,,,,,SUV / TT,Cinzento,Automática,5,5,Integral,,2,Nacional,Sim,Sim,Usados,62 900        EUR,8088538557,26 Junho 2023,"11,30 l/100km",Metalizado,,7,Classe 1,,Sim,,,700 km,,,19/12/2023,,Sim,,,,
Particular,Honda,Civic Tourer,1.6 i-DTEC Sport Navi,Diesel,Junho,2014,214 619 km,1 597 cm3,120 cv,,,,,Carrinha,Branco,Manual,5,5,Tracção dianteira,,,Importado,,,Usados,11 600        EUR,8089628620,26 Junho 2023,"4,30 l/100km",Pérola,,6,Classe 1,103 g/km,Sim,"3,70 l/100km",,,,,,,,,,,
Profissional,Mercedes-Benz,E 300,De AMG Line,Híbrido (Diesel),Novembro,2019,130 840 km,1 950 cm3,306 cv,Sim,Sim,Sim,Sim,Sedan,Cinzento,Automática,5,5,Tracção traseira,24 Meses,,Nacional,,,Usados,42 490        EUR,8089060236,26 Junho 2023,,Metalizado,Sim,9,Classe 1,,Sim,,,,,Classe E,,,,,,,
Profissional,Peugeot,5008,1.6 BlueHDi Allure,Diesel,Agosto,2018,80 000 km,1 560 cm3,120 cv,,,,,Monovolume,Cinzento,Manual,5,7,,18 Meses,,,Sim,Sim,Usados,26 899        EUR,8087779645,26 Junho 2023,"4,80 l/100km",Metalizado,Sim,6,,,Sim,,,,,,,,,,,,
Profissional,Renault,Talisman,1.5 dCi Zen P.Business,Diesel,Dezembro,2017,86 630 km,1 461 cm3,110 cv,Sim,,,Sim,Sedan,Preto,Manual,4,5,Tracção dianteira,18 Meses,1,,Sim,Sim,Usados,18 490        EUR,8089390646,26 Junho 2023,,Metalizado,Sim,6,Classe 1,,Sim,,,,"154,12 €",,,,Sim,,,,
Profissional,Mercedes-Benz,A 160,d Urban,Diesel,Fevereiro,2018,82 799 km,1 461 cm3,90 cv,Sim,Sim,,Sim,Utilitário,Preto,Manual,5,5,Tracção dianteira,24 Meses,,Nacional,Sim,,Usados,21 490        EUR,8089853904,26 Junho 2023,"4,50 l/100km",Metalizado,Sim,6,Classe 1,102 g/km,Sim,"3,30 l/100km",,,,Classe A,,,Sim,,,,
Profissional,Renault,Mégane,1.5 Blue dCi Limited,Diesel,Junho,2019,109 000 km,1 461 cm3,115 cv,,Sim,,Sim,Utilitário,Cinzento,Manual,5,5,,18 Meses,1,Nacional,Sim,Sim,Usados,18 950        EUR,8089016871,26 Junho 2023,"4,60 l/100km",Metalizado,Sim,6,Classe 1,,Sim,,,,,,,03/06/2023,,,,,
Particular,Citroën,C4 Grand Picasso,1.6 HDi Exclusive CMP6,Diesel,Setembro,2010,285 000 km,1 560 cm3,110 cv,Sim,,,,Monovolume,Cinzento,Automática,5,7,,,2,Nacional,Sim,Sim,Usados,7 950        EUR,8088077545,26 Junho 2023,"6,20 l/100km",Metalizado,Sim,6,,,Sim,,,,,,,12/09/2023,,,,,
Particular,Mercedes-Benz,A 200 Limousine,d AMG Line Aut.,Diesel,Agosto,2020,44 300 km,1 950 cm3,150 cv,,,,Sim,Sedan,Branco,Automática,4,5,Tracção dianteira,,2,Importado,Sim,,Usados,40 500        EUR,8089905810,26 Junho 2023,"5,10 l/100km",,,8,Classe 1,,Sim,,,,235 €,Classe A,,06/08/2023,Sim,,,,
Profissional,Mercedes-Benz,C 300,h Avantgarde,Híbrido (Diesel),Janeiro,2017,99 000 km,2 143 cm3,231 cv,,Sim,,Sim,Carrinha,Cinzento,Automática,5,5,,18 Meses,1,Nacional,Sim,Sim,Usados,32 900        EUR,8088720066,26 Junho 2023,4 l/100km,Metalizado,Sim,,,99 g/km,,,,,,Classe C,,,Sim,,,,
Profissional,Renault,Clio Sport Tourer,0.9 TCe Limited,Gasolina,Agosto,2019,92 000 km,898 cm3,90 cv,,,,Sim,Carrinha,Cinzento,Manual,5,5,,18 Meses,,,,Sim,Usados,14 990        EUR,8089784113,26 Junho 2023,,,Sim,5,Classe 1,,Sim,,,,,,,01/08/2023,,,,,
Profissional,Renault,Captur,,Diesel,Julho,2018,148 000 km,1 461 cm3,90 cv,,,,Sim,SUV / TT,Castanho,Manual,5,5,,18 Meses,,,,Sim,Usados,15 990        EUR,8089784270,26 Junho 2023,,,Sim,5,Classe 1,,Sim,,,,,,,01/07/2024,,,,,
Particular,Kia,Optima SW,2.0 CVVT PHEV,Híbrido (Gasolina),Fevereiro,2019,99 000 km,1 999 cm3,205 cv,,,,,Carrinha,Outra,Automática,5,5,Tracção dianteira,,,Nacional,Sim,Sim,Usados,25 600        EUR,8089912389,26 Junho 2023,,Metalizado,,6,,34 g/km,Sim,,,,,,01/02/2025,01/02/2024,,150 000 km,,,
Profissional,Peugeot,308 SW,1.5 BlueHDi Style J17,Diesel,Maio,2019,84 000 km,1 499 cm3,102 cv,,Sim,,Sim,Carrinha,Cinzento,Manual,5,5,,18 Meses,1,Nacional,Sim,Sim,Usados,19 950        EUR,8088830098,26 Junho 2023,"4,40 l/100km",Metalizado,Sim,6,Classe 1,,Sim,,,,,,,17/05/2025,,,,,
Profissional,Mercedes-Benz,A 180,d AMG Line Aut.,Diesel,Março,2019,171 870 km,1 461 cm3,116 cv,Sim,Sim,,Sim,Utilitário,Cinzento,Automática,5,5,Tracção dianteira,18 Meses,,Nacional,Sim,,Usados,26 740        EUR,8089567709,26 Junho 2023,,Metalizado,Sim,,Classe 1,123 g/km,Sim,,,,,Classe A,,,,,,,
Profissional,Peugeot,308 SW,1.6 BlueHDi Allure,Diesel,Maio,2017,150 000 km,1 560 cm3,120 cv,,,,Sim,Carrinha,Preto,Manual,5,5,Tracção dianteira,18 Meses,1,,Sim,Sim,Usados,13 990        EUR,8089848770,26 Junho 2023,"4,70 l/100km",Metalizado,,6,Classe 1,,Sim,,,,,,,,,,,,
Profissional,Hyundai,Ioniq,1.6 GDI HEV Hybrid Tech,Híbrido (Gasolina),Abril,2019,85 572 km,1 580 cm3,141 cv,Sim,Sim,,Sim,Utilitário,Cinzento,Automática,5,5,,18 Meses,,Nacional,Sim,,Usados,19 990        EUR,8089237372,26 Junho 2023,,,Sim,,,,Sim,,,,,,,,,,,,
Profissional,Nissan,Qashqai,1.5 dCi Tekna 19 Pele,Diesel,Junho,2018,110 000 km,1 461 cm3,110 cv,,Sim,,Sim,SUV / TT,Cinzento,Manual,5,6,Tracção dianteira,18 Meses,1,Nacional,Sim,Sim,Usados,23 900        EUR,8084797885,26 Junho 2023,,Metalizado,Sim,6,Classe 1,103 g/km,Sim,,,,,,,24/06/2024,,,,,
Profissional,BMW,M3,Cabrio,Gasolina,Maio,2006,115 000 km,3 246 cm3,343 cv,Sim,,,Sim,Cabrio,Cinzento,Manual,2,4,Tracção traseira,18 Meses,,,Sim,Sim,Usados,59 999        EUR,8089792817,26 Junho 2023,"17,80 l/100km",Metalizado,Sim,6,,298 g/km,Sim,"8,40 l/100km",,,,Série 3,,,,,,,
Profissional,Nissan,GT-R,3.8 V6 Pack Prestige,Gasolina,Agosto,2016,30 000 km,3 799 cm3,570 cv,Sim,,,Sim,Coupé,Preto,Automática,3,4,Integral,18 Meses,,Nacional,Sim,Sim,Usados,149 999        EUR,8089772707,26 Junho 2023,"17,50 l/100km",Metalizado,Sim,6,Classe 1,325 g/km,Sim,"11,20 l/100km",,,,,,,,,,,
Profissional,Porsche,992,Carrera S PDK,Gasolina,Março,2019,25 000 km,2 981 cm3,450 cv,Sim,,,Sim,Coupé,Cinzento,Automática,2,4,Tracção traseira,18 Meses,,,Sim,Sim,Usados,169 999        EUR,8089792576,26 Junho 2023,"11,60 l/100km",Metalizado,Sim,8,,241 g/km,Sim,"7,60 l/100km",,,,911 (Todos),,,,,,,
Profissional,Toyota,Proace Verso,1.6 D-4D L2 1.2T Exclusive 9L,Diesel,Maio,2018,98 000 km,1 560 cm3,115 cv,,Sim,Sim,Sim,Monovolume,Preto,Manual,4,9,Tracção traseira,18 Meses,1,Nacional,Sim,Sim,Usados,37 950        EUR,8089628102,26 Junho 2023,"5,60 l/100km",Metalizado,Sim,6,Classe 1,137 g/km,Sim,5 l/100km,,,,,,08/05/2024,,,,,
Profissional,Peugeot,5008,1.5 BlueHDi GT Line EAT8,Diesel,Janeiro,2019,114 000 km,1 499 cm3,130 cv,,Sim,Sim,Sim,Monovolume,Preto,Automática,5,7,,18 Meses,1,Nacional,Sim,Sim,Usados,29 950        EUR,8089127021,26 Junho 2023,"4,40 l/100km",Metalizado,Sim,8,Classe 1,,Sim,,,,,,,31/01/2025,,,,,
Profissional,Renault,Mégane Sport Tourer,1.5 dCi Limited,Diesel,Março,2018,135 736 km,1 461 cm3,110 cv,Sim,,,Sim,Carrinha,Preto,Manual,5,5,Tracção dianteira,18 Meses,1,,Sim,Sim,Usados,16 300        EUR,8089154184,26 Junho 2023,,Metalizado,Sim,6,Classe 1,,Sim,,,,"154,12 €",,,,Sim,,,,
Profissional,Audi,A3 Limousine,1.6 TDi B.Line Attraction Ultra,Diesel,Fevereiro,2017,115 000 km,1 598 cm3,110 cv,,Sim,,Sim,Sedan,Cinzento,Manual,4,5,,18 Meses,1,Nacional,Sim,Sim,Usados,22 550        EUR,8085966385,26 Junho 2023,"3,90 l/100km",Metalizado,Sim,6,Classe 1,,Sim,,,,,,,28/02/2025,,,,,
Profissional,Porsche,Panamera,Turbo S PDK,Gasolina,Dezembro,2011,155 000 km,4 806 cm3,500 cv,,,Sim,Sim,Sedan,Preto,Automática,5,4,,18 Meses,,,Sim,Sim,Usados,49 900        EUR,8089910778,26 Junho 2023,,Metalizado,Sim,,Classe 1,,Sim,,,,,,,,,,,,
Profissional,Peugeot,208,1.6 BlueHDi Style,Diesel,Agosto,2018,125 882 km,1 560 cm3,100 cv,Sim,,,Sim,Citadino,Preto,Manual,5,5,Tracção dianteira,18 Meses,1,,Sim,Sim,Usados,13 480        EUR,8088036330,26 Junho 2023,,Metalizado,Sim,,Classe 1,,Sim,,,,"154,12 €",,,,Sim,,,,
Profissional,Peugeot,5008,1.5 BlueHDi Allure Pack EAT8,Diesel,Março,2022,36 944 km,1 499 cm3,130 cv,,,,Sim,SUV / TT,Cinzento,Automática,5,7,Tracção dianteira,18 Meses,,Nacional,,,Usados,44 950        EUR,8089299173,26 Junho 2023,,Metalizado,Sim,8,,,Sim,,,,,,,,,,,,
Profissional,Opel,Adam,1.2 Jam,Gasolina,Setembro,2016,147 719 km,1 229 cm3,70 cv,,,,Sim,Pequeno citadino,Laranja,Manual,3,4,Tracção dianteira,18 Meses,,,,Sim,Usados,11 850        EUR,8088186655,26 Junho 2023,,Metalizado,Sim,5,Classe 1,125 g/km,Sim,,,,,,,,,,,,
Profissional,Citroën,C1,1.2 VTi Feel,Gasolina,Julho,2016,77 286 km,1 199 cm3,82 cv,,,,Sim,Pequeno citadino,Vermelho,Manual,5,4,Tracção dianteira,18 Meses,,,,Sim,Usados,10 990        EUR,8088284676,26 Junho 2023,,,Sim,5,Classe 1,,Sim,,,,,,,,,,,,
Profissional,Mercedes-Benz,C 300,d AMG Line,Diesel,Março,2022,7 800 km,1 950 cm3,245 cv,Sim,,,Sim,Carrinha,Cinzento,Automática,5,,,36 Meses,,Nacional,,,Usados,59 999        EUR,8089787603,26 Junho 2023,,,,,,,,,,,,Classe C,,,,,,,
Profissional,Mercedes-Benz,C 220,d Avantgarde,Diesel,Março,2022,25 400 km,1 992 cm3,200 cv,Sim,,,,Carrinha,Cinzento,Automática,5,5,,24 Meses,,Nacional,,,Usados,53 000        EUR,8089159410,26 Junho 2023,,,,,,,,,,,,Classe C,,,,,"4,70 l/100km",,
Profissional,Toyota,C-HR,1.2T Comfort+P.Style,Gasolina,Julho,2018,100 000 km,1 197 cm3,116 cv,Sim,,,Sim,SUV / TT,Prateado,Manual,5,5,Tracção dianteira,18 Meses,1,,Sim,Sim,Usados,19 995        EUR,8089584362,26 Junho 2023,"7,30 l/100km",Metalizado,Sim,6,Classe 1,155 g/km,Sim,"5,30 l/100km",,,,,,,,,,,
Profissional,SEAT,Arona,1.0 TSI FR,Gasolina,Abril,2022,20 050 km,999 cm3,110 cv,Sim,Sim,,,Utilitário,Cinzento,Manual,5,5,,36 Meses,,Nacional,,,Usados,22 190        EUR,8089516935,26 Junho 2023,,,,,,,,,,,,,,,,,,,
Profissional,Skoda,Scala,1.0 TSI Ambition,Gasolina,Julho,2021,51 000 km,999 cm3,95 cv,Sim,Sim,,,Utilitário,Preto,Manual,5,5,,36 Meses,,Nacional,,,Usados,16 990        EUR,8089516910,26 Junho 2023,,,,,,,,,,,,,,,,,,,
Profissional,VW,T-Cross,1.0 TSI Life,Gasolina,Maio,2019,36 786 km,999 cm3,95 cv,Sim,,,,SUV / TT,Branco,Manual,5,5,,18 Meses,,Nacional,,,Usados,19 990        EUR,8089516938,26 Junho 2023,,,,,,,,,,,,,,,,,,,
Profissional,Audi,A3 Sportback,30 TFSI,Gasolina,Outubro,2020,33 035 km,999 cm3,116 cv,Sim,Sim,,,Utilitário,Cinzento,Manual,5,5,,36 Meses,,Nacional,,,Usados,22 990        EUR,8089516921,26 Junho 2023,,,,,,,,,,,,,,,,,,,
Profissional,SEAT,Ibiza,1.0 TSI FR,Gasolina,Outubro,2019,49 800 km,999 cm3,115 cv,Sim,Sim,,,Utilitário,Preto,Manual,5,5,,36 Meses,,Nacional,,,Usados,17 990        EUR,8089516950,26 Junho 2023,,,,,,,,,,,,,,,,,,,
Profissional,SEAT,Arona,1.0 TSI FR,Gasolina,Abril,2022,24 651 km,999 cm3,110 cv,Sim,Sim,,,Utilitário,Branco,Manual,5,5,,36 Meses,,Nacional,,,Usados,22 190        EUR,8089516906,26 Junho 2023,,,,,,,,,,,,,,,,,,,
Profissional,VW,Polo,1.0 Confortline,Gasolina,Abril,2018,78 123 km,999 cm3,75 cv,Sim,,,,Utilitário,Preto,Manual,5,5,,18 Meses,,Nacional,,,Usados,13 990        EUR,8089516957,26 Junho 2023,,,,,,,,,,,,,,,,,,,
Profissional,Toyota,Aygo,1.0 X-Play Plus,Gasolina,Janeiro,2021,10 700 km,998 cm3,72 cv,Sim,,,Sim,Citadino,Cinzento,Manual,5,4,,48 Meses,,,,Sim,Usados,14 690        EUR,8089300525,26 Junho 2023,,Metalizado,Sim,,Classe 1,118 g/km,Sim,,,,,,,,,,,,
Profissional,Peugeot,3008,1.6 Hybrid GT e-EAT8,Híbrido (Gasolina),Fevereiro,2021,53 900 km,1 598 cm3,225 cv,Sim,,,,SUV / TT,Branco,Automática,5,5,,36 Meses,,Nacional,,,Usados,39 990        EUR,8089516933,26 Junho 2023,,,,,,,,,,,,,26/06/2026,,,,"1,40 l/100km",,
Profissional,Opel,Insignia Sports Tourer,1.6 CDTi Business Edition,Diesel,Abril,2019,100 000 km,1 598 cm3,110 cv,Sim,Sim,,Sim,Carrinha,Cinzento,Manual,5,5,,18 Meses,,Nacional,,,Usados,18 900        EUR,8089516964,26 Junho 2023,,,Sim,,,,Sim,,,,,,,,,,,,
Profissional,VW,Golf Variant,1.6 TDi Confortline,Diesel,Março,2019,69 350 km,1 598 cm3,115 cv,Sim,Sim,,,Carrinha,Branco,Manual,5,5,,18 Meses,,Nacional,,,Usados,20 290        EUR,8089516897,26 Junho 2023,,,,,,,,,,,,,,,,,,,
