ID,Make,Model,Model Version,Price,Mileage,Gearbox,First Registration,Fuel Type,Power,Seller,Gears,Engine Size,Cylinders,Weight,Other Fuel Types,Fuel Consumption,CO2 Emissions,Emission Class,Site,Portugal
cd3f38cfbe29415aacb25a6d743b22a8,Honda,CR-V,Elegance 2.2 /4x4/LM/KlimaA/PDC/,"€ 11,890.-","102,000 km",Manual,11/2011,Diesel,110 kW (150 hp),Dealer,6,"2,199 cc",4,"1,722 kg",,6.5 l/100 km (comb.)8 l/100 km (city)5.6 l/100 km (country),171 g/km (comb.),Euro 5,AutoScout24,No
acb141fa40ad4e9da257d971327c79b4,Mercedes-Benz,E 200,Coupé CGI 184pk Avantgarde Aut. Pano|Xenon|Navi|Sp,"€ 13,950.-","136,747 km",Automatic,06/2010,Gasoline,135 kW (184 hp),Dealer,,"1,796 cc",4,"1,460 kg",,7.7 l/100 km (comb.)10.6 l/100 km (city)5.9 l/100 km (country),179 g/km (comb.),Euro 5,AutoScout24,No
2d9279c2ea85448b92c10c00a57c8144,Cadillac,CTS,3.6L V6 AWD Sport Luxury Aut.,"€ 10,900.-","150,000 km",Automatic,08/2010,Gasoline,229 kW (311 hp),Dealer,6,"3,564 cc",6,"1,957 kg",,11.2 l/100 km (comb.)16.8 l/100 km (city)8 l/100 km (country),,,AutoScout24,No
a7fbacd7309747bb9315bd1fb9260bdc,Renault,ZOE,Life R90 Flex 92cv,"€ 12,500.-1","33,000 km",Automatic,12/2018,Electric,43 kW (58 hp),Dealer,,,,"1,480 kg",Electricity,,,,AutoScout24,No
dc354d9d61dd4bdd931bcefadd7a130c,BMW,318,d Touring,"€ 14,500.-","141,640 km",Manual,02/2015,Diesel,105 kW (143 hp),Dealer,6,"1,995 cc",4,"1,555 kg",,4.7 l/100 km (comb.)5.8 l/100 km (city)4.1 l/100 km (country),123 g/km (comb.),Euro 5,AutoScout24,No
d8d5f19d09b241bfa7e63e788c7f9938,Audi,A3,Sportback 1.6 TDi ultra Attraction,"€ 12,950.-","148,432 km",Manual,01/2016,Diesel,81 kW (110 hp),Dealer,,"1,598 cc",,,,3.4 l/100 km (comb.)3.9 l/100 km (city)3.1 l/100 km (country),89 g/km (comb.),Euro 6,AutoScout24,No
1fed215fb15941ff8cd319dd7477a7c8,BMW,325,i Cabrio LCI M-Paket *Memory * Xenon * Leder,"€ 14,990.-","124,978 km",Manual,06/2010,Gasoline,160 kW (218 hp),Dealer,6,"2,996 cc",6,"1,730 kg",,7.5 l/100 km (comb.)10.2 l/100 km (city)5.9 l/100 km (country),176 g/km (comb.),Euro 5,AutoScout24,No
4d4fba126fd746d8ae6c9392e82093e1,Volkswagen,Golf,7  Variant Highline 2.0 TDI /NAVI/LED/AHK/,"€ 14,490.-","116,000 km",Manual,03/2014,Diesel,110 kW (150 hp),Dealer,,"1,968 cc",,,,4.2 l/100 km (comb.)5.1 l/100 km (city)3.7 l/100 km (country),108 g/km (comb.),,AutoScout24,No
e19f70f71413405a9b8fe44863c76935,BMW,116,d AdBlue (EU6c),"€ 13,490.-","137,000 km",Manual,07/2019,Diesel,85 kW (116 hp),Dealer,6,"1,496 cc",3,"1,440 kg",,4.2 l/100 km (comb.)4.8 l/100 km (city)3.9 l/100 km (country),,,AutoScout24,No
0c010eee04a14a6691b88a9609772159,BMW,320,d,"€ 11,990.-","119,000 km",Manual,07/2011,Diesel,120 kW (163 hp),Dealer,6,"1,995 cc",4,"1,495 kg",,4.7 l/100 km (comb.)5.9 l/100 km (city)4 l/100 km (country),,,AutoScout24,No
68eaac292385439b8641cb7fd75479ac,Volkswagen,Golf,6 2.0 TDI Highline /SERVICE/TÜV/GARANTIE,"€ 12,990.-","72,000 km",Manual,07/2010,Diesel,103 kW (140 hp),Dealer,,"1,968 cc",,,,4.9 l/100 km (comb.)6.4 l/100 km (city)4 l/100 km (country),129 g/km (comb.),,AutoScout24,No
5dae98d17c25489e946d510fe7e045f3,Nissan,X-Trail,2.0 dCi 4X4 /NAVI/XENON/LEDER/AHK/KAMERA,"€ 11,490.-","143,000 km",Manual,12/2012,Diesel,110 kW (150 hp),Dealer,,"1,995 cc",,,,6.4 l/100 km (comb.)7.8 l/100 km (city)5.6 l/100 km (country),168 g/km (comb.),Euro 5,AutoScout24,No
a4cebd8be41e4fa6b25a1f2544bc4994,Mercedes-Benz,C 200,Avantgarde 185PK | BG55860 | Navi | Cruise | Stoel,"€ 13,750.-","148,299 km",Automatic,06/2012,Gasoline,135 kW (184 hp),Dealer,7,"1,796 cc",4,"1,405 kg",,6.4 l/100 km (comb.),156 g/km (comb.),Euro 5,AutoScout24,No
2e37d5d4e826434188b721102364adba,Mercedes-Benz,C 180,CDI BE Avantgarde Start/Stop,"€ 11,599.-","99,000 km",Manual,05/2013,Diesel,88 kW (120 hp),Dealer,6,"2,143 cc",4,"1,575 kg",,,,Euro 5,AutoScout24,No
b64d258f3827483480abb38387cc7fb8,Audi,A3,Limousine 1.4 TFSI CoD Ambition Pro Line S 140PK |,"€ 14,950.-","109,210 km",Manual,10/2013,Gasoline,104 kW (141 hp),Dealer,6,"1,395 cc",4,"1,215 kg",,4.8 l/100 km (comb.),111 g/km (comb.),Euro 6,AutoScout24,No
458781441e8f447e851cdaf290c5f29d,BMW,316,316i,"€ 13,299.-","106,854 km",Manual,03/2014,Gasoline,100 kW (136 hp),Dealer,,"1,598 cc",,,,5.8 l/100 km (comb.)7.6 l/100 km (city)4.7 l/100 km (country),134 g/km (comb.),,AutoScout24,No
f328d54508ce46beac1f85af75d73c43,BMW,116,116i//SPORT//XENON//GPS//GARANTIE,"€ 13,490.-","100,000 km",Manual,02/2018,Gasoline,80 kW (109 hp),Dealer,6,"1,499 cc",3,"1,380 kg",,5.3 l/100 km (comb.)6.7 l/100 km (city)4.5 l/100 km (country),,,AutoScout24,No
776b0f705d5645639f3a46d3577729fd,Audi,Q5,2.0 TFSI QU S LINE PANO MOTORSCHADEN XEN,"€ 14,900.-","120,795 km",Automatic,09/2011,Gasoline,155 kW (211 hp),Dealer,7,"1,984 cc",4,"1,720 kg",,8.5 l/100 km (comb.)10.4 l/100 km (city)7.3 l/100 km (country),197 g/km (comb.),Euro 5,AutoScout24,No
e5307170bfa544068f04357cddf4520b,Audi,Q5,I 2008 Diesel 3.0 V6 tdi Advanced quattro s-tronic,"€ 14,550.-","134,761 km",Automatic,10/2011,Diesel,176 kW (239 hp),Dealer,,"2,967 cc",,,,,,Euro 5,AutoScout24,No
ec486b6d440a4187b3f5cdad9803f0c2,BMW,116,d 2.0 116CV cat 5 porte Eletta DPF,"€ 8,800.-","124,024 km",Manual,02/2011,Diesel,85 kW (116 hp),Dealer,6,"1,995 cc",4,"1,380 kg",,4.5 l/100 km (comb.)5.4 l/100 km (city)4 l/100 km (country),118 g/km (comb.),Euro 5,AutoScout24,No
bfe5fe178d474fcc8b64b9bfebc1e010,Volkswagen,Passat Variant,2.0 TSI Comfortline *Bi-Xenon/TÜV-Neu,"€ 13,300.-","127,500 km",Manual,05/2013,Gasoline,155 kW (211 hp),Dealer,6,"1,984 cc",4,"1,559 kg",,7.2 l/100 km (comb.)10 l/100 km (city)5.6 l/100 km (country),169 g/km (comb.),Euro 5,AutoScout24,No
b53afd7f90c44a8ba2082a9380132871,Fiat,500X,1.4 MultiAir - Euro 6b - NAVI - CAMERA - KEYLESS,"€ 12,990.-","94,000 km",Manual,08/2018,Gasoline,100 kW (136 hp),Dealer,6,"1,368 cc",4,"1,320 kg",,6 l/100 km (comb.)7.8 l/100 km (city)5 l/100 km (country),139 g/km (comb.),Euro 6,AutoScout24,No
1dc298b88d244bba9f0e0d1e3302e528,Volkswagen,e-Golf,"e-Golf 24,2kWh, LED, Kamera, Wärmepume, App Connce","€ 13,990.-1","126,000 km",Automatic,05/2016,Electric,85 kW (116 hp),Dealer,1,,,"1,585 kg",Electricity,,,,AutoScout24,No
ea0281390a0f47ee97c595488214f544,Audi,A4,Avant 2.0 TDI S-Line*NAVI*18Zoll*XENON*PDC*2.HAND*,"€ 14,580.-","150,000 km",Manual,02/2015,Diesel,110 kW (150 hp),Dealer,6,"1,968 cc",4,"1,610 kg",,4.7 l/100 km (comb.)5.6 l/100 km (city)4.2 l/100 km (country),125 g/km (comb.),Euro 5,AutoScout24,No
ea1f00d59cfe41dc85268e1314ca222a,Opel,Cascada,Cosmo *200CH*,"€ 14,480.-","110,768 km",Manual,04/2015,Gasoline,147 kW (200 hp),Dealer,6,"1,598 cc",,,,,,Euro 6,AutoScout24,No
ee6e3ca8d3294f6fa2aa18cf9987c3fb,Opel,Astra,CDTI S/S Edition,"€ 14,900.-","55,261 km",Manual,09/2019,Diesel,100 kW (136 hp),Dealer,6,"1,598 cc",4,"1,273 kg",,4.4 l/100 km (comb.),116 g/km (comb.),Euro 6,AutoScout24,No
7a884d1c11ee474d9a8136c6f650070c,Peugeot,RCZ,1.6 THP sport 225pk,"€ 14,950.-","130,288 km",Manual,04/2011,Gasoline,147 kW (200 hp),Dealer,6,"1,598 cc",4,"1,272 kg",,6.9 l/100 km (comb.)9.1 l/100 km (city)5.6 l/100 km (country),159 g/km (comb.),Euro 5,AutoScout24,No
969f4923ebb3444c90b6646d7ca759b6,Audi,A3,Sportback 1.8 TFSI S line Sportpaket plus,"€ 13,999.-","44,000 km",Manual,10/2011,Gasoline,118 kW (160 hp),Dealer,6,"1,798 cc",4,"1,320 kg",,6.6 l/100 km (comb.)8.7 l/100 km (city)5.3 l/100 km (country),153 g/km (comb.),Euro 5,AutoScout24,No
df23f39eb63043989a51001b5b7f4453,Audi,S3,Sportback 2.0 tfsi quattro * 137.000 KM *A 259€,"€ 14,999.-","137,000 km",Manual,02/2010,Gasoline,195 kW (265 hp),Dealer,6,"1,984 cc",4,"1,565 kg",,8.5 l/100 km (comb.)11.8 l/100 km (city)6.7 l/100 km (country),199 g/km (comb.),Euro 5,AutoScout24,No
50e00d451fb9402291b95b5ad6b4fe0f,Alfa Romeo,Giulietta,2.0 JTDM Sprint,"€ 12,199.-","110,837 km",Manual,10/2015,Diesel,110 kW (150 hp),Dealer,,"1,956 cc",,,,,,,AutoScout24,No
0978ffd5a9634c9bac663263cdc3517e,Volkswagen,Tiguan,Tiguan Trend & Fun 2.0 TDI SCR BlueMotion Technolo,"€ 13,950.-","107,836 km",Manual,07/2016,Diesel,81 kW (110 hp),Dealer,,"1,968 cc",,,,5 l/100 km (comb.)5.8 l/100 km (city)4.5 l/100 km (country),130 g/km (comb.),Euro 6,AutoScout24,No
703716376a5a41bda047bc9c59bc2ea2,Ford,Tourneo Connect,TITANIUM,"€ 14,750.-1","109,993 km",Manual,02/2017,Diesel,88 kW (120 hp),Dealer,6,"1,500 cc",,,,,,Euro 6,AutoScout24,No
98e68094cc54435994cb4c16e1f9a2f9,Volkswagen,Tiguan,Tiguan Trend & Fun 2.0 TDI SCR BlueMotion Technolo,"€ 14,950.-","127,682 km",Manual,04/2016,Diesel,81 kW (110 hp),Dealer,,"1,968 cc",,,,5 l/100 km (comb.)5.8 l/100 km (city)4.5 l/100 km (country),130 g/km (comb.),Euro 6,AutoScout24,No
e58d4598926343ea8710ed85bfb8c813,Audi,A3,Sportback 1.2 TFSI Attraction Advance prachtige au,"€ 14,950.-","109,132 km",Automatic,01/2013,Gasoline,77 kW (105 hp),Dealer,7,"1,197 cc",4,"1,245 kg",,5.3 l/100 km (comb.)6.5 l/100 km (city)4.6 l/100 km (country),123 g/km (comb.),Euro 5,AutoScout24,No
022349c799884f04899dbe8e7ed13e77,Peugeot,5008,Active 2.0 Blue-HDI FAP,"€ 9,990.-","140,100 km",Manual,02/2015,Diesel,110 kW (150 hp),Dealer,6,"1,997 cc",4,"1,715 kg",,4.3 l/100 km (comb.)5.2 l/100 km (city)3.8 l/100 km (country),114 g/km (comb.),Euro 6,AutoScout24,No
06e02cb9b6844f8f85b6c5a641d2a355,Audi,A4,2.0 tdi Advanced 177cv multitronic,"€ 14,950.-","124,000 km",Automatic,02/2012,Diesel,130 kW (177 hp),Dealer,5,"1,968 cc",4,"1,595 kg",,4.8 l/100 km (comb.)5.7 l/100 km (city)4.4 l/100 km (country),127 g/km (comb.),Euro 5,AutoScout24,No
3a6a453751bc4d318264fad8e6537025,BMW,118,d / LEDER / SHZ / LM-FELGEN,"€ 14,990.-","117,997 km",Automatic,07/2011,Diesel,105 kW (143 hp),Dealer,,"1,995 cc",,,,6.3 l/100 km (comb.)8.4 l/100 km (city)5.1 l/100 km (country),166 g/km (comb.),Euro 5,AutoScout24,No
4cb7a4dc82de44bea4a251ca24f78c07,Opel,Insignia,ST 2.0T S&S Sportive 4x4,"€ 11,500.-","136,000 km",Manual,08/2014,Gasoline,184 kW (250 hp),Dealer,6,"1,998 cc",4,"1,768 kg",,8.1 l/100 km (comb.)10.7 l/100 km (city)6.5 l/100 km (country),,,AutoScout24,No
53992dc121d0473db7710c62164f5a83,Alfa Romeo,Giulietta,1.4 tb gpl  Progression 105cv,"€ 9,200.-","129,000 km",Manual,10/2013,LPG,77 kW (105 hp),Dealer,6,"1,368 cc",4,"1,280 kg",,6.4 l/100 km (comb.)8.4 l/100 km (city)5.3 l/100 km (country),149 g/km (comb.),,AutoScout24,No
8e8c081a61874996829095d80241a0ec,Kia,ProCeed / pro_cee'd,"1,6 TGDI","€ 13,350.-","89,733 km",Manual,12/2013,Gasoline,150 kW (204 hp),Dealer,6,"1,591 cc",,,,7.5 l/100 km (comb.)9.7 l/100 km (city)6.1 l/100 km (country),171 g/km (comb.),Euro 5,AutoScout24,No
9d108de31169421ab607097c8ed370a5,Jaguar,XF,XF 3.0d V6 Luxury auto - 97.000 KM,"€ 11,900.-","97,000 km",Automatic,05/2011,Diesel,177 kW (241 hp),Dealer,6,"2,993 cc",6,"1,820 kg",,6.8 l/100 km (comb.)9.5 l/100 km (city)5.5 l/100 km (country),179 g/km (comb.),,AutoScout24,No
dc795aeb5b5d4800927633171c13be6b,Audi,A1,1.2 TFSI Ambition ✅ 12 MOIS DE GARANTIE ✅,"€ 8,990.-","125,000 km",Manual,05/2011,Gasoline,63 kW (86 hp),Dealer,5,"1,197 cc",4,"1,115 kg",,,,Euro 5,AutoScout24,No
67432599401d4ca8b5edc4d691eff335,Volkswagen,Polo,1.4 CR TDi Comfortline BMT,"€ 8,950.-","147,242 km",Manual,11/2016,Diesel,66 kW (90 hp),Dealer,,"1,422 cc",,,,3.4 l/100 km (comb.)4 l/100 km (city)3 l/100 km (country),88 g/km (comb.),Euro 6,AutoScout24,No
54748ca2d9dd4f8d9895e8d15bc35097,Renault,Captur,Limited 0.9TCe 90/Valckenier Gent,"€ 13,950.-","17,247 km",Manual,12/2019,Gasoline,66 kW (90 hp),Dealer,5,898 cc,3,"1,248 kg",,5.6 l/100 km (comb.),140 g/km (comb.),,AutoScout24,No
04f82d155fc44c59b15bb23ac8b62d12,Volkswagen,Polo,1.0i Trendline//93000Km//Airco//Warranty,"€ 12,750.-","93,000 km",Manual,01/2018,Gasoline,55 kW (75 hp),Dealer,5,999 cc,3,"1,105 kg",,4.8 l/100 km (comb.)6 l/100 km (city)4.1 l/100 km (country),110 g/km (comb.),Euro 6d,AutoScout24,No
8ed4e209f4d545bba51a740dadfc2fe8,Audi,A4 allroad,"A4 allroad 2.0 TDI XEN+NAVI+SHZ+PDC+MFL+NSW+17""","€ 14,830.-","142,127 km",Manual,09/2012,Diesel,130 kW (177 hp),Dealer,6,"1,968 cc",4,"1,705 kg",,6.1 l/100 km (comb.)7.2 l/100 km (city)5.4 l/100 km (country),162 g/km (comb.),Euro 5,AutoScout24,No
e04d600c64b04ac790b0ff968fd27c03,Mercedes-Benz,C 180,C -Klasse Lim. C 180 CGI BlueEfficiency,"€ 9,999.-","142,500 km",Manual,10/2010,Gasoline,115 kW (156 hp),Dealer,,"1,796 cc",,,,7.6 l/100 km (comb.)10.7 l/100 km (city)5.8 l/100 km (country),182 g/km (comb.),Euro 5,AutoScout24,No
e344f335a6ba44558392a4522892ce43,Audi,A3,1.8 TFSI S-Line Sportpaket plus quattro ABT,"€ 11,980.-","116,800 km",Manual,02/2010,Gasoline,155 kW (211 hp),Dealer,,"1,798 cc",,,,7.3 l/100 km (comb.)9.7 l/100 km (city)6 l/100 km (country),170 g/km (comb.),Euro 5,AutoScout24,No
914115fb3091481195f07ebd5c3ca114,Mercedes-Benz,E 220,"CDI EU5, Standard BlueEfficiency Edition","€ 13,450.-","105,000 km",Manual,11/2012,Diesel,125 kW (170 hp),Dealer,6,"2,143 cc",,"1,735 kg",,,,Euro 5,AutoScout24,No
d7ba9fc27b654066b54a1cdf7ac24544,Renault,Clio,1.5dCi eco2 Energy Limited 75,"€ 8,300.-1","64,000 km",Manual,03/2017,Diesel,55 kW (75 hp),Dealer,5,"1,461 cc",4,"1,071 kg",,3.6 l/100 km (comb.)4.3 l/100 km (city)3.2 l/100 km (country),,,AutoScout24,No
a3c949203ce64dd49db8dc38b52fefeb,Mercedes-Benz,C 180,AUT Elegance NAVI CAMERA BLUET STOELVW PDC CRUISE,"€ 12,944.-","117,741 km",Automatic,06/2012,Gasoline,115 kW (156 hp),Dealer,7,"1,796 cc",4,"1,385 kg",,6.4 l/100 km (comb.),199 g/km (comb.),Euro 5,AutoScout24,No
4e948a198bfe4118bd0a0cca6aeb83f7,Audi,A3,A3 SPB 2.0 TDI S tronic Ambiente,"€ 14,900.-","92,700 km",Automatic,06/2013,Diesel,110 kW (150 hp),Dealer,6,"1,968 cc",4,"1,325 kg",,4.4 l/100 km (comb.)5.2 l/100 km (city)4 l/100 km (country),117 g/km (comb.),Euro 5,AutoScout24,No
60a9cd06fad0470180311c15a9d1e8d7,BMW,116,dA CUIR BOITE AUTO,"€ 14,999.-1","138,000 km",Automatic,06/2018,Diesel,85 kW (116 hp),Dealer,8,"1,496 cc",3,"1,425 kg",,4 l/100 km (comb.)4.3 l/100 km (city)3.8 l/100 km (country),105 g/km (comb.),,AutoScout24,No
92e8639c8a9940eb9bff61193f291764,Audi,A3,A3 1.6 tdi Attraction,"€ 9,570.-","119,000 km",Manual,11/2012,Diesel,77 kW (105 hp),Dealer,5,"1,598 cc",4,"1,350 kg",,4.1 l/100 km (comb.)5 l/100 km (city)3.7 l/100 km (country),109 g/km (comb.),Euro 5,AutoScout24,No
f9b741df6e0048b38a6e3200697aefa1,Volkswagen,Tiguan,1.4 Klimaat Shz Alu 17 Tmat !! turboschaden!!,"€ 5,490.-","113,515 km",Manual,09/2010,Gasoline,110 kW (150 hp),Dealer,6,"1,390 cc",,"1,510 kg",,,,Euro 5,AutoScout24,No
a74753428f9347b394056c45ada105a4,Hyundai,KONA,1.0 TGDI Pure 2WD,"€ 14,399.-","40,721 km",Manual,03/2018,Gasoline,88 kW (120 hp),Dealer,,998 cc,,,,,,,AutoScout24,No
02461a7d0c93413c859a47fa2918fc04,Jeep,Renegade,1.6 M-Jet Night Eagle FWD,"€ 13,799.-","103,049 km",Manual,11/2016,Diesel,84 kW (114 hp),Dealer,,"1,598 cc",,,,4.4 l/100 km (comb.)5.1 l/100 km (city)4 l/100 km (country),115 g/km (comb.),,AutoScout24,No
356b1c2a223c456aa2e61ae741ad9b03,Kia,Sportage,1.7 CRDi Active 2WD,"€ 13,499.-","111,140 km",Manual,03/2016,Diesel,85 kW (116 hp),Dealer,,"1,685 cc",,,,5.3 l/100 km (comb.)6.2 l/100 km (city)4.8 l/100 km (country),139 g/km (comb.),,AutoScout24,No
453f30c0978644dd941b33c55af29d4e,BMW,116,KLIMA+NAVIGATION+ALLWETTER+EINPARKHILFE+TÜV+,"€ 12,790.-","92,600 km",Manual,04/2012,Gasoline,100 kW (136 hp),Dealer,6,"1,598 cc",4,"1,365 kg",,5.5 l/100 km (comb.)7.1 l/100 km (city)4.6 l/100 km (country),129 g/km (comb.),Euro 5,AutoScout24,No
071d6d3bf9d241edb7d36981738083b2,MINI,Cooper SD,,"€ 13,200.-","111,919 km",Manual,12/2014,Diesel,125 kW (170 hp),Dealer,6,"1,995 cc",4,"1,230 kg",,4.1 l/100 km (comb.)5 l/100 km (city)3.6 l/100 km (country),,,AutoScout24,No
d4d3d929dbe7419886708413139b0098,Audi,A3,1.8 TFSI 3 x S-LINE SPORTPAKET PLUS AUT ** OPEN SK,"€ 13,990.-","139,723 km",Automatic,04/2012,Gasoline,118 kW (160 hp),Dealer,7,"1,798 cc",4,"1,280 kg",,6.7 l/100 km (comb.)9 l/100 km (city)5.3 l/100 km (country),158 g/km (comb.),Euro 5,AutoScout24,No
191052b5635d46c2a0b96f45bcf9deca,BMW,118,118i Sport-line | 170Pk | Navi | PDC | M |,"€ 14,949.-","112,912 km",Automatic,09/2014,Gasoline,125 kW (170 hp),Dealer,8,"1,598 cc",4,"1,295 kg",,5.6 l/100 km (comb.)7.1 l/100 km (city)4.6 l/100 km (country),129 g/km (comb.),Euro 6,AutoScout24,No
e942338916534d80b96ad496e9abecee,Opel,Zafira Tourer,✅️1AN GARANTIE ✅️7 PLACES ✅️BOITE AUTO✅️EURO 6,"€ 14,999.-","148,004 km",Automatic,04/2015,Diesel,96 kW (131 hp),Dealer,6,"1,956 cc",4,"1,586 kg",,4.5 l/100 km (comb.)5.3 l/100 km (city)4 l/100 km (country),119 g/km (comb.),Euro 6,AutoScout24,No
3d150d50b3ff47c1b41f6fb5271a3654,Renault,ZOE,Life Z.E. 40,"€ 11,950.-1","15,336 km",Automatic,03/2019,Electric,43 kW (58 hp),Dealer,,,,,Electricity,,,,AutoScout24,No
c755bf44b6594bb9b73fd182b21a84bf,Volkswagen,Scirocco,1.4 TSI R line,"€ 12,990.-","78,000 km",Manual,07/2012,Gasoline,90 kW (122 hp),Dealer,6,"1,390 cc",4,"1,244 kg",,6.4 l/100 km (comb.)8.4 l/100 km (city)5.3 l/100 km (country),,,AutoScout24,No
0b9c7ef0af324fa9a63871197569a443,Volvo,C70,2.0 D3 Kinetic Geartronic / 2011 / 117 000 KM,"€ 11,800.-","117,000 km",Automatic,08/2011,Diesel,110 kW (150 hp),Dealer,6,"1,984 cc",5,"1,755 kg",,6.4 l/100 km (comb.)8.7 l/100 km (city)5.1 l/100 km (country),169 g/km (comb.),Euro 5,AutoScout24,No
61c5632c85fb4dd294424c1abdeb74a8,Opel,Astra,1.0 Turbo ECOTEC/1e-eig/57000km/Navi/LED/Cruise,"€ 13,995.-1","57,000 km",Manual,10/2019,Gasoline,78 kW (106 hp),Dealer,5,997 cc,3,"1,364 kg",,4.7 l/100 km (comb.)5.7 l/100 km (city)4.1 l/100 km (country),107 g/km (comb.),Euro 6d,AutoScout24,No
c93f1b319c434cd793f9dd8a0c2e5c37,BMW,X3,2.0 d xDrive20 / 2010 / EURO 5 / 122 000 / PANO,"€ 9,800.-","122,000 km",Manual,01/2010,Diesel,120 kW (163 hp),Dealer,6,"1,995 cc",4,"1,815 kg",,6.5 l/100 km (comb.)8.2 l/100 km (city)5.5 l/100 km (country),172 g/km (comb.),Euro 5,AutoScout24,No
7ac8d12a379f4e5486b6630b6cf93be8,Honda,Civic,1.6 DTEC I-DTEC Comfort,"€ 12,099.-","118,252 km",Manual,01/2017,Diesel,88 kW (120 hp),Dealer,,"1,597 cc",,,,3.6 l/100 km (comb.)3.9 l/100 km (city)3.4 l/100 km (country),94 g/km (comb.),,AutoScout24,No
c4003c82d17b4b7d93353aa613d288d3,Volkswagen,Passat,2.0TDI CR Highline 4Motion,"€ 12,900.-","119,700 km",Manual,09/2014,Diesel,103 kW (140 hp),Dealer,6,"1,968 cc",4,"1,554 kg",,6.7 l/100 km (comb.)8.7 l/100 km (city)5.6 l/100 km (country),,,AutoScout24,No
bc5e91694c704eb7a04f4e2182dd90b2,BMW,214,Active Tourer 214D 2015 Zwart,"€ 10,950.-","117,995 km",Manual,08/2015,Diesel,70 kW (95 hp),Dealer,6,"1,496 cc",3,"1,325 kg",,,,Euro 6,AutoScout24,No
8bf6cf19ead24339982f2c212e9db217,Fiat,500X,500X 2.0 mjt Cross Plus 4x4 140cv automatic 9marce,"€ 11,990.-","143,000 km",Automatic,10/2015,Diesel,103 kW (140 hp),Dealer,9,"1,956 cc",4,"1,570 kg",,5.5 l/100 km (comb.)6.5 l/100 km (city)4.9 l/100 km (country),144 g/km (comb.),Euro 6,AutoScout24,No
e57f957132ec4beca98237bd205a7852,Volkswagen,Passat,BERLINE COMFORTLINE BMT DIESEL 1598CC 77KW 105CV/P,"€ 10,950.-","133,186 km",Manual,03/2013,Diesel,77 kW (105 hp),Dealer,,"1,598 cc",,,,4.3 l/100 km (comb.)5.2 l/100 km (city)3.8 l/100 km (country),114 g/km (comb.),Euro 5,AutoScout24,No
657bcc8ef9b64fc280523f1f9048abc5,BMW,118,118i,"€ 13,500.-","79,000 km",Manual,12/2011,Gasoline,105 kW (143 hp),Dealer,6,"1,995 cc",4,"1,520 kg",,,,Euro 5,AutoScout24,No
389913510d094ce690860775a8f9eb80,Peugeot,2008,1.5 BlueHDI S&S Signature 100,"€ 14,500.-","135,000 km",Manual,10/2019,Diesel,73 kW (99 hp),Dealer,5,"1,499 cc",4,"1,235 kg",,3.5 l/100 km (comb.)4 l/100 km (city)3.2 l/100 km (country),,,AutoScout24,No
f48ab54a56054b73836830da90a55a3b,Skoda,Octavia,"Octavia Combi Ambition 1,4 TSI 81 kW 6-speed mech.","€ 12,950.-","110,036 km",Manual,06/2018,CNG,81 kW (110 hp),Dealer,,"1,395 cc",,,,5.7 kg/100 km (comb.)7.4 kg/100 km (city)4.7 kg/100 km (country),102 g/km (comb.),Euro 6,AutoScout24,No
88d21bd56a81490bbcb70a693676a89d,Volkswagen,Polo,V Life 1.2 TSI /NAVI/KLIMA/TEMP/TÜV 10.2024,"€ 7,490.-","125,000 km",Manual,06/2013,Gasoline,66 kW (90 hp),Dealer,,"1,197 cc",,,,5.1 l/100 km (comb.)6.5 l/100 km (city)4.4 l/100 km (country),119 g/km (comb.),,AutoScout24,No
c03c333a294f49ff8de0379d1bf2aa0a,BMW,520,520d xDrive Aut. *ALLRAD / ACC / LEDER*,"€ 25,980.-","140,200 km",Automatic,10/2018,Diesel,140 kW (190 hp),Dealer,8,"1,995 cc",,"1,725 kg",,4.7 l/100 km (comb.)5.3 l/100 km (city)4.4 l/100 km (country),124 g/km (comb.),Euro 6d,AutoScout24,No
eb3449c7351544a799e82f0f9da87022,MG,HS,1.5 T-GDI AT Comfort,"€ 27,690.-1",0 km,Automatic,04/2023,Gasoline,119 kW (162 hp),Dealer,7,"1,490 cc",4,"1,535 kg",,0 l/100 km (comb.)0 l/100 km (city)0 l/100 km (country),,,AutoScout24,No
c66811c578e4440fae824eff144ad311,MG,HS,1.5 T-GDI AT Comfort,"€ 27,690.-1",0 km,Automatic,04/2023,Gasoline,119 kW (162 hp),Dealer,7,"1,490 cc",4,"1,535 kg",,0 l/100 km (comb.)0 l/100 km (city)0 l/100 km (country),,,AutoScout24,No
f54712d179634de0aa613d50fb2b923d,MG,HS,1.5 T-GDI AT Comfort,"€ 27,690.-1",0 km,Automatic,04/2023,Gasoline,119 kW (162 hp),Dealer,7,"1,490 cc",4,"1,535 kg",,0 l/100 km (comb.)0 l/100 km (city)0 l/100 km (country),,,AutoScout24,No
799e13d942fa47ea82d99db25b684613,MG,HS,1.5 T-GDI AT Comfort,"€ 27,690.-1",0 km,Automatic,04/2023,Gasoline,119 kW (162 hp),Dealer,7,"1,490 cc",4,"1,535 kg",,0 l/100 km (comb.)0 l/100 km (city)0 l/100 km (country),,,AutoScout24,No
d8b796b03ecc430e8f4ac813ec0e59e8,MG,HS,1.5 T-GDI AT Comfort,"€ 27,690.-1",0 km,Automatic,04/2023,Gasoline,119 kW (162 hp),Dealer,7,"1,490 cc",4,"1,535 kg",,0 l/100 km (comb.)0 l/100 km (city)0 l/100 km (country),,,AutoScout24,No
747252ecf6994a40a5269551341a6d3f,MG,HS,1.5 T-GDI AT Comfort,"€ 27,690.-1",0 km,Automatic,04/2023,Gasoline,119 kW (162 hp),Dealer,7,"1,490 cc",4,"1,535 kg",,0 l/100 km (comb.)0 l/100 km (city)0 l/100 km (country),,,AutoScout24,No
9efb64be6a424b37883d6494fbe421a7,MG,HS,1.5 T-GDI AT Comfort,"€ 27,690.-1",0 km,Automatic,04/2023,Gasoline,119 kW (162 hp),Dealer,7,"1,490 cc",4,"1,535 kg",,0 l/100 km (comb.)0 l/100 km (city)0 l/100 km (country),,,AutoScout24,No
0dbc8c59037144d38cbdfd6b16ddb4bb,MG,HS,1.5 T-GDI AT Comfort,"€ 27,690.-1",0 km,Automatic,04/2023,Gasoline,119 kW (162 hp),Dealer,7,"1,490 cc",4,"1,535 kg",,0 l/100 km (comb.)0 l/100 km (city)0 l/100 km (country),,,AutoScout24,No
b629774515f9472a9af08197242e36c1,MG,HS,1.5 T-GDI AT Comfort,"€ 27,690.-1",0 km,Automatic,04/2023,Gasoline,119 kW (162 hp),Dealer,7,"1,490 cc",4,"1,535 kg",,0 l/100 km (comb.)0 l/100 km (city)0 l/100 km (country),,,AutoScout24,No
4773a6fc9b5849319fd201f60e7cd2a2,MG,HS,1.5 T-GDI AT Comfort,"€ 27,690.-1",0 km,Automatic,04/2023,Gasoline,119 kW (162 hp),Dealer,7,"1,490 cc",4,"1,535 kg",,0 l/100 km (comb.)0 l/100 km (city)0 l/100 km (country),,,AutoScout24,No
8331c932b5fc482bb6be13fbc7ac27d8,MG,HS,1.5 T-GDI AT Comfort,"€ 27,690.-1",0 km,Automatic,04/2023,Gasoline,119 kW (162 hp),Dealer,7,"1,490 cc",4,"1,535 kg",,0 l/100 km (comb.)0 l/100 km (city)0 l/100 km (country),,,AutoScout24,No
eafb0189bcf6451ba50231860900d717,MG,HS,1.5 T-GDI AT Comfort,"€ 27,690.-1",0 km,Automatic,04/2023,Gasoline,119 kW (162 hp),Dealer,7,"1,490 cc",4,"1,535 kg",,0 l/100 km (comb.)0 l/100 km (city)0 l/100 km (country),,,AutoScout24,No
12a4949a7c414674a953ca2d50afb650,Volvo,V60,D3 Momentum Pro Geartronic,"€ 27,990.-1","54,251 km",Automatic,09/2019,Diesel,110 kW (150 hp),Dealer,,,,,,,,,AutoScout24,No
8299e92da69f4bd7b2461d13ac18cb1c,MG,HS,1.5 T-GDI AT Comfort,"€ 27,690.-1",0 km,Automatic,04/2023,Gasoline,119 kW (162 hp),Dealer,7,"1,490 cc",4,"1,535 kg",,0 l/100 km (comb.)0 l/100 km (city)0 l/100 km (country),,,AutoScout24,No
7d4ff6144e814acaa8938d1072379e4b,MG,HS,1.5 T-GDI AT Comfort,"€ 27,690.-1",0 km,Automatic,04/2023,Gasoline,119 kW (162 hp),Dealer,7,"1,490 cc",4,"1,535 kg",,0 l/100 km (comb.)0 l/100 km (city)0 l/100 km (country),,,AutoScout24,No
3ed0a47725ab484d8a755eece34e8ef8,MG,HS,1.5 T-GDI AT Comfort,"€ 27,690.-1",0 km,Automatic,04/2023,Gasoline,119 kW (162 hp),Dealer,7,"1,490 cc",4,"1,535 kg",,0 l/100 km (comb.)0 l/100 km (city)0 l/100 km (country),,,AutoScout24,No
e0cecaaa662f44bb9717cb502a8da81c,MG,HS,1.5 T-GDI AT Comfort,"€ 27,690.-1",0 km,Automatic,04/2023,Gasoline,119 kW (162 hp),Dealer,7,"1,490 cc",4,"1,535 kg",,0 l/100 km (comb.)0 l/100 km (city)0 l/100 km (country),,,AutoScout24,No
1aa17551f7a649a3859e689a0f52b855,BMW,750,Li M SPORT LED PANO SOFT HUD H&K KEYLESS,"€ 22,900.-","135,680 km",Automatic,07/2014,Gasoline,330 kW (449 hp),Dealer,,"4,395 cc",,,,,,Euro 6,AutoScout24,No
11553852c6db455ba3837f16c60eb927,Dacia,Spring,Electric Expression 45 33kW,"€ 23,100.-",0 km,Automatic,01/2023,Electric,33 kW (45 hp),Dealer,1,,,,,,,,AutoScout24,No
548d3e80bb1e40f1b767d23ccec0e82d,Peugeot,3008,GT 2.0HDI 180FAP Aut. +Alcantara+Pano+AHK+,"€ 23,900.-1","65,687 km",Automatic,11/2019,Diesel,132 kW (179 hp),Dealer,8,"1,997 cc",4,"1,555 kg",,4.9 l/100 km (comb.)5.3 l/100 km (city)4.7 l/100 km (country),129 g/km (comb.),Euro 6d-TEMP,AutoScout24,No
d3eb82cd43c741428417041f958a27ae,MG,HS,1.5 T-GDI AT Comfort,"€ 27,690.-1",0 km,Automatic,04/2023,Gasoline,119 kW (162 hp),Dealer,7,"1,490 cc",4,"1,535 kg",,0 l/100 km (comb.)0 l/100 km (city)0 l/100 km (country),,,AutoScout24,No
fface2eb423e436bae26bad83e662898,MG,HS,1.5 T-GDI AT Comfort,"€ 27,690.-1",0 km,Automatic,04/2023,Gasoline,119 kW (162 hp),Dealer,7,"1,490 cc",4,"1,535 kg",,0 l/100 km (comb.)0 l/100 km (city)0 l/100 km (country),,,AutoScout24,No
cfcf8a5dd5414caebf89cb7c87245aba,MG,HS,1.5 T-GDI AT Comfort,"€ 27,690.-1",0 km,Automatic,04/2023,Gasoline,119 kW (162 hp),Dealer,7,"1,490 cc",4,"1,535 kg",,0 l/100 km (comb.)0 l/100 km (city)0 l/100 km (country),,,AutoScout24,No
227783d435b643bb89721f9b77afe94f,MG,HS,1.5 T-GDI AT Comfort,"€ 27,690.-1",0 km,Automatic,04/2023,Gasoline,119 kW (162 hp),Dealer,7,"1,490 cc",4,"1,535 kg",,0 l/100 km (comb.)0 l/100 km (city)0 l/100 km (country),,,AutoScout24,No
f50c6fe27e674b508ac4edbdac18cc7a,MG,HS,HS 1.5T-GDI MY23 LUXURY NAVI LEDER PANORAMA,"€ 25,950.-1",15 km,Manual,-,Gasoline,119 kW (162 hp),Dealer,,"1,490 cc",,"1,513 kg",,,,Euro 6d,AutoScout24,No
d75a2148ed734e39847be5065753440c,Audi,A8,3.0 TDI Quattro - Led-Open Dak - Topstaat! 1Ste...,"€ 29,990.-1","141,583 km",Automatic,06/2015,Diesel,190 kW (258 hp),Dealer,,"2,967 cc",6,,,,,Euro 6,AutoScout24,No
64372ef5d3a040fcae8907c1ec75f38d,BMW,530,eA PHEV Hybride Navi Leder LED Camera Garantie,"€ 27,299.-1","107,312 km",Automatic,10/2018,Gasoline,135 kW (184 hp),Dealer,8,"1,998 cc",4,"1,845 kg",,1.6 l/100 km (comb.)1.6 l/100 km (city)1.6 l/100 km (country),46 g/km (comb.),Euro 6d,AutoScout24,No
b35f5d40cefa4e42908970152eac90e3,Peugeot,e-208,50 kWh Allure,"€ 22,500.-","24,000 km",Automatic,07/2020,Electric,100 kW (136 hp),Dealer,1,,1,"1,530 kg",Electricity,,,Euro 6d,AutoScout24,No
638afd32741445c8bab0cfda2ba84bd7,SEAT,Tarraco,2.0 CR TDi Xcellence,"€ 24,950.-","87,812 km",Manual,07/2020,Diesel,110 kW (150 hp),Dealer,,"1,968 cc",,,,4.9 l/100 km (comb.)5.8 l/100 km (city)4.4 l/100 km (country),129 g/km (comb.),Euro 6d-TEMP,AutoScout24,No
8cab62d45ce6422c8dd55e1aa3431fa8,BMW,320,320d xDrive BERLINA Business Advantage,"€ 26,990.-","139,990 km",Automatic,02/2020,Diesel,140 kW (190 hp),Dealer,8,"1,995 cc",4,"1,715 kg",,4.6 l/100 km (comb.)5.2 l/100 km (city)4.3 l/100 km (country),121 g/km (comb.),Euro 6,AutoScout24,No
da1a773ffa564dbe8d9f3ae44e779580,Volkswagen,Tiguan,2.0 TDi SCR Comfortline DSG (EU6.2),"€ 23,950.-","130,890 km",Automatic,02/2019,Diesel,110 kW (150 hp),Dealer,,"1,968 cc",,,,4.8 l/100 km (comb.)5.4 l/100 km (city)4.5 l/100 km (country),126 g/km (comb.),Euro 6d-TEMP,AutoScout24,No
f8ea8633f7e942a6ac4812e0f29402f7,BMW,650,650i Coupe M-SPORTPAKET / PANORAMA / LED / HUD,"€ 21,500.-","132,000 km",Automatic,08/2012,Gasoline,330 kW (449 hp),Dealer,,"4,395 cc",8,,,,,Euro 5,AutoScout24,No
960bbc6069a447a2982377a8e2668072,Land Rover,Range Rover Evoque,2.0 TD4 HSE✅Panoramadak✅Achteruitrijcamera✅Stoelve,"€ 26,950.-1","132,536 km",Automatic,07/2017,Diesel,132 kW (179 hp),Dealer,9,"1,998 cc",4,"1,735 kg",,5.1 l/100 km (comb.)6.1 l/100 km (city)4.5 l/100 km (country),134 g/km (comb.),Euro 6,AutoScout24,No
c48fd955da104a88a01ebab2939e8071,Subaru,Impreza,2.5 WRX STi RECARO EDITION,"€ 29,000.-","136,000 km",Manual,07/2010,Gasoline,220 kW (299 hp),Dealer,6,"2,457 cc",4,"1,505 kg",,10.3 l/100 km (comb.)13.8 l/100 km (city)8.2 l/100 km (country),243 g/km (comb.),Euro 4,AutoScout24,No
0c4db2bf9e7644e296d43615a0e16e9f,BMW,318,dA AdBlue (EU6d-TEMP),"€ 22,490.-","107,699 km",Automatic,12/2019,Diesel,110 kW (150 hp),Dealer,8,"1,995 cc",4,"1,645 kg",,4.6 l/100 km (comb.)5.2 l/100 km (city)4.2 l/100 km (country),,,AutoScout24,No
cd6e0e502c7549959d82204a478b83b0,BMW,135,M135i Manueel Achterwielaandrijving NaviPro,"€ 25,450.-","87,000 km",Manual,03/2014,Gasoline,235 kW (320 hp),Dealer,6,"2,979 cc",6,"1,500 kg",,8 l/100 km (comb.)11.2 l/100 km (city)6.2 l/100 km (country),188 g/km (comb.),Euro 6,AutoScout24,No
77acc53b5d3646bfa4da19099426e6a4,BMW,550,Baureihe 5 Lim. xDrive Für Export,"€ 21,490.-","141,100 km",Automatic,02/2013,Diesel,280 kW (381 hp),Dealer,,"2,993 cc",,,,6.3 l/100 km (comb.)7.1 l/100 km (city)5.8 l/100 km (country),167 g/km (comb.),Euro 6,AutoScout24,No
8f5e7a48266641208119670f9f193393,Volkswagen,T5 Caravelle,✅️1AN GARANTIE✅️9 PLACES✅️BOITE AUTOMATIQUE✅️XENON,"€ 26,999.-","148,032 km",Automatic,01/2013,Diesel,132 kW (179 hp),Dealer,7,"1,968 cc",4,"1,978 kg",,8.5 l/100 km (comb.)10.8 l/100 km (city)7.2 l/100 km (country),,Euro 5,AutoScout24,No
70fa812e2bac4214a741b5b530412dcb,BMW,Z4,sDrive 28i Roadster SPORT / XENON / SCHÖN,"€ 24,444.-","24,000 km",Manual,11/2013,Gasoline,180 kW (245 hp),Dealer,6,"1,997 cc",4,,,,,Euro 6,AutoScout24,No
e65611dfb6e240838c7a1b652416e1f9,Opel,Grandland,1.6 AT8 Hybrid Elegance LED Navi PDC,"€ 24,448.-1","19,741 km",Automatic,03/2021,Electric/Gasoline,133 kW (181 hp),Dealer,8,"1,598 cc",4,"1,875 kg",Electricity,1.5 l/100 km (comb.),35 g/km (comb.),Euro 6d,AutoScout24,No
37cd8d276fa54ea28c076288896a748e,Skoda,Karoq,1.6 TDI SCR DSG Style,"€ 16,900.-1","79,992 km",Automatic,04/2018,Diesel,85 kW (116 hp),Dealer,7,"1,598 cc",4,"1,366 kg",,4.3 l/100 km (comb.)4.5 l/100 km (city)4.2 l/100 km (country),114 g/km (comb.),Euro 6,AutoScout24,No
ccd97d9b694c4d8aad77cea024b1e896,Volkswagen,Passat Variant,2.0 TDI SCR 110 kW (150 ch) 7 vitesses DSG,"€ 24,950.-","59,438 km",Automatic,02/2020,Diesel,110 kW (150 hp),Dealer,,"1,968 cc",,,,4 l/100 km (comb.)4.9 l/100 km (city)3.5 l/100 km (country),105 g/km (comb.),Euro 6d-TEMP,AutoScout24,No
06e06d6700484dc88b808e04ae2f45ac,Audi,A3,Sedan Audi A3 Berline  30 TFSI  81(110) kW(ch) 6 v,"€ 25,950.-","54,544 km",Manual,10/2020,Gasoline,81 kW (110 hp),Dealer,,999 cc,,,,4.5 l/100 km (comb.)5.7 l/100 km (city)3.8 l/100 km (country),104 g/km (comb.),Euro 6d-TEMP,AutoScout24,No
400b6975f4824a4aa022f45ea2e7ad3c,Audi,Q3,Audi Q3  S line 35 TFSI  110(150) kW(ch) 6 vitesse,"€ 29,950.-","56,944 km",Manual,02/2019,Gasoline,110 kW (150 hp),Dealer,,"1,498 cc",,,,5.8 l/100 km (comb.)7.2 l/100 km (city)5 l/100 km (country),140 g/km (comb.),Euro 6d-TEMP,AutoScout24,No
4ea26140b0824212b0881a9a8fd82309,Renault,Espace,Energy dCi Zen 7plaatsen,"€ 17,800.-1","106,504 km",Manual,03/2018,Diesel,96 kW (131 hp),Dealer,6,"1,598 cc",4,"1,615 kg",,4.4 l/100 km (comb.),116 g/km (comb.),Euro 6,AutoScout24,No
53b7716d32b242819ca083b185f881bb,Volkswagen,Arteon,2.0 TDi SCR R-Line,"€ 23,950.-","136,527 km",Manual,03/2018,Diesel,110 kW (150 hp),Dealer,,"1,968 cc",,,,4.3 l/100 km (comb.)5.2 l/100 km (city)3.8 l/100 km (country),112 g/km (comb.),Euro 6,AutoScout24,No
01a82a5b1e1245db822a29b271eaf807,Fiat,500X,1.6Mjt S&S Dolcevita Sport 97kW,"€ 20,700.-",5 km,Manual,03/2023,Diesel,97 kW (132 hp),Dealer,6,"1,598 cc",4,"1,320 kg",,0 l/100 km (comb.)0 l/100 km (city)0 l/100 km (country),,,AutoScout24,No
65d3ce5250ab493ebc0f354834c26d3f,Mercedes-Benz,GLC 220,d 4-Matic*PACK AMG*TOIT OUVRANT*PHARES LED*GPS*,"€ 29,990.-","125,000 km",Automatic,06/2018,Diesel,125 kW (170 hp),Dealer,9,"2,143 cc",4,"1,845 kg",,6 l/100 km (comb.)6.8 l/100 km (city)5.5 l/100 km (country),158 g/km (comb.),Euro 6c,AutoScout24,No
59af7a32fd78485daac0e387570b970d,Volkswagen,Tiguan,1.5 TSI ACT OPF 110 kW (150 ch) 7 vitesses DSG,"€ 26,950.-","82,306 km",Automatic,03/2019,Gasoline,110 kW (150 hp),Dealer,,"1,498 cc",,,,5.6 l/100 km (comb.)6.9 l/100 km (city)4.9 l/100 km (country),138 g/km (comb.),Euro 6d-TEMP,AutoScout24,No
82cd88c9fb4449168a6610ebbd16bb05,MG,HS,1.5 T-GDI AT Comfort,"€ 27,690.-1",0 km,Automatic,04/2023,Gasoline,119 kW (162 hp),Dealer,7,"1,490 cc",4,"1,535 kg",,0 l/100 km (comb.)0 l/100 km (city)0 l/100 km (country),,,AutoScout24,No
85eeb0922c234229bb375a104791573f,BMW,218,218iA OPF / Gran Coupé / Individual Storm Bay,"€ 28,750.-","24,644 km",Automatic,06/2020,Gasoline,103 kW (140 hp),Dealer,7,"1,499 cc",3,"1,375 kg",,5 l/100 km (comb.)6.2 l/100 km (city)4.3 l/100 km (country),114 g/km (comb.),Euro 6d,AutoScout24,No
879bd409d34a40419beffcd1163dc37f,Volkswagen,Golf,e-Golf  + Klima + Distanzerkennung,"€ 17,990.-","28,000 km",Automatic,01/2019,Electric,100 kW (136 hp),Dealer,,,,,Electricity,,,,AutoScout24,No
873dea5447be49ac88f61868762f5eba,Hyundai,BAYON,Connect & Go Navi*Kamera*BOSE*Carplay*PDC*SHZ*Lenk,"€ 21,940.-1",10 km,Manual,-,Gasoline,74 kW (101 hp),Dealer,6,998 cc,3,"1,205 kg",,,,Euro 6d,AutoScout24,No
553a46045ab04381b466e17122e19591,Audi,Q3,Audi Q3   1.4 TFSI cylinder on demand  110(150) kW,"€ 19,950.-","119,813 km",Manual,01/2017,Gasoline,110 kW (150 hp),Dealer,,"1,395 cc",,,,5.5 l/100 km (comb.)6.6 l/100 km (city)4.9 l/100 km (country),127 g/km (comb.),Euro 6,AutoScout24,No
f36312b0d0c74191bde057babca8ef3b,MG,HS,HS 1.5T-GDI MY23 LUXURY NAVI LEDER PANORAMA,"€ 26,450.-1",15 km,Manual,-,Gasoline,119 kW (162 hp),Dealer,,"1,490 cc",,"1,513 kg",,,,Euro 6d,AutoScout24,No
d65ab68021b44905a439ed47c1c717d9,Mercedes-Benz,GLA 180,Business Solution AMG  camera - navi - automaat,"€ 28,995.-1","32,241 km",Automatic,08/2020,Gasoline,90 kW (122 hp),Dealer,7,"1,595 cc",4,"1,435 kg",,5.1 l/100 km (comb.)6.7 l/100 km (city)4.3 l/100 km (country),144 g/km (comb.),Euro 6d,AutoScout24,No
31179823b8cf489aa694b409fac2393d,Audi,TT,2.0 TFSI 230pk Pro Line + Virtual Cockpit|LMV19|Or,"€ 26,250.-","57,939 km",Manual,04/2016,Gasoline,169 kW (230 hp),Dealer,6,"1,984 cc",4,"1,205 kg",,5.9 l/100 km (comb.)7.3 l/100 km (city)5 l/100 km (country),137 g/km (comb.),Euro 6,AutoScout24,No
cfa0adfc5fbd45358808279e44253f37,Mercedes-Benz,GLC 220,4MATIC 9G-TRONIC NAVI LEDER,"€ 29,900.-1","103,160 km",Automatic,11/2017,Diesel,120 kW (163 hp),Dealer,8,"2,143 cc",,,,,,Euro 6,AutoScout24,No
9da8a12cd41340cf8d0412eba8dbde77,BMW,X3,AUTOMAT+LEDER+NAV+HUD+PANO+LED+HARMAN+360+AHK xDri,"€ 27,879.-","129,300 km",Automatic,10/2015,Diesel,190 kW (258 hp),Dealer,8,"2,993 cc",6,"1,895 kg",,5.9 l/100 km (comb.)6.5 l/100 km (city)5.6 l/100 km (country),156 g/km (comb.),Euro 6,AutoScout24,No
a81f9848ab094527aea3448f6756ae9f,Alfa Romeo,Brera,3.2 V6 Q4 versione TI cerchi 19,"€ 18,500.-","112,000 km",Manual,08/2010,Gasoline,191 kW (260 hp),Dealer,6,"3,195 cc",6,"1,630 kg",,11.5 l/100 km (comb.)16.9 l/100 km (city)8.4 l/100 km (country),,,AutoScout24,No
25f34e07ff644641b14b349a74e3e13f,Audi,A3,35 TFSI S-line -LED - Virtual- AppCarplay- ACC,"€ 27,450.-","31,558 km",Automatic,01/2019,Gasoline,110 kW (150 hp),Dealer,7,"1,498 cc",4,"1,355 kg",,5 l/100 km (comb.)6.5 l/100 km (city)4.2 l/100 km (country),,,AutoScout24,No
818bc2d8badd4f46840dfe68f56abd53,Opel,Grandland X,"1.6 Turbo Hybrid KlimaAT,SHZ,LED","€ 24,990.-1","34,979 km",Automatic,07/2020,Gasoline,221 kW (300 hp),Dealer,8,"1,598 cc",4,"1,875 kg",,,,Euro 6d,AutoScout24,No
753993be5c3147cfa0d01732666a0596,Nissan,Leaf,e+ Tekna 62KWH,"€ 24,980.-1","24,197 km",Automatic,01/2021,Electric,160 kW (218 hp),Dealer,,,,,,,,,AutoScout24,No
b38afa842e224a49a93cced1a4ef8d75,Volkswagen,Arteon,2.0 TDI SCR  110 kW (150 ch) 7 vitesses DSG,"€ 28,950.-","59,976 km",Automatic,02/2019,Diesel,110 kW (150 hp),Dealer,,"1,968 cc",,,,4 l/100 km (comb.)4.5 l/100 km (city)3.7 l/100 km (country),116 g/km (comb.),Euro 6d-TEMP,AutoScout24,No
2e07323c66a941079f20dca06dbf04ca,Audi,Q3,Audi Q3   35 TFSI  110(150) kW(ch) 6 vitesses,"€ 29,950.-","55,161 km",Manual,04/2019,Gasoline,110 kW (150 hp),Dealer,,"1,498 cc",,,,5.7 l/100 km (comb.)7.1 l/100 km (city)4.8 l/100 km (country),139 g/km (comb.),Euro 6d-TEMP,AutoScout24,No
e4e6680672b2493481eafac39ca3e7e8,Audi,TT,2.0 TFSI quattro Pro Line S [ Virtual Dashboard Cr,"€ 28,945.-","110,335 km",Automatic,12/2016,Gasoline,169 kW (230 hp),Dealer,6,"1,984 cc",4,"1,310 kg",,6.6 l/100 km (comb.),153 g/km (comb.),,AutoScout24,No
018ffb8f05ca494ea1e5bd2bc6e856a4,Mercedes-Benz,E 220,dCDI*Avantgarde AUTOMAT LEDER PARKERSENSOR  USB,"€ 17,450.-","127,721 km",Automatic,03/2013,Diesel,125 kW (170 hp),Dealer,7,"2,143 cc",4,"1,735 kg",,4.7 l/100 km (comb.)5.8 l/100 km (city)4.1 l/100 km (country),128 g/km (comb.),Euro 5,AutoScout24,No
2f22beb7b26143f6a5fbeb75b27d7f06,Volkswagen,Tiguan,1.5 TSI ACT OPF 110 kW (150 ch) 6 vitesses manuel,"€ 28,950.-","31,470 km",Manual,03/2021,Gasoline,110 kW (150 hp),Dealer,,"1,498 cc",,,,5.7 l/100 km (comb.)6.7 l/100 km (city)5.1 l/100 km (country),130 g/km (comb.),Euro 6d-TEMP,AutoScout24,No
70ae6911cc964ed3acf3ac73a02faa89,BMW,520,dA Automaat Prof Navi Head up Leder LED EURO6,"€ 24,999.-1","115,964 km",Automatic,01/2018,Diesel,120 kW (163 hp),Dealer,8,"1,995 cc",4,"1,635 kg",,3.9 l/100 km (comb.)4.4 l/100 km (city)3.6 l/100 km (country),108 g/km (comb.),,AutoScout24,No
38bc73e66b2a4afea73e3c583c776796,Jaguar,F-Pace,25d*240 pk*AWD*R-Sport*NAVI*XENON*PDC*PANODAK*,"€ 29,990.-1","85,310 km",Automatic,03/2018,Diesel,176 kW (239 hp),Dealer,8,"1,999 cc",11,"1,918 kg",,,,Euro 6,AutoScout24,No
49f5006c7577483d907c78609a167840,MG,HS,1.5 T-GDI AT Comfort,"€ 27,690.-1",0 km,Automatic,04/2023,Gasoline,119 kW (162 hp),Dealer,7,"1,490 cc",4,"1,535 kg",,0 l/100 km (comb.)0 l/100 km (city)0 l/100 km (country),,,AutoScout24,No
c78ea6b77b8640a1811acf145984b1ec,Mazda,CX-5,2.0i 2WD Skycruise / 77.282 km / Garantie 1 an,"€ 23,900.-","77,282 km",Automatic,05/2019,Gasoline,120 kW (163 hp),Dealer,6,"1,998 cc",4,"1,484 kg",,6.6 l/100 km (comb.)7.8 l/100 km (city)5.9 l/100 km (country),150 g/km (comb.),Euro 6d-TEMP,AutoScout24,No
ddfbd0d98ee24c7a8bd6f325909b4003,Volvo,V60,D3 R Design Geartronic,"€ 28,990.-1","72,035 km",Automatic,08/2019,Diesel,110 kW (150 hp),Dealer,,,,,,,,,AutoScout24,No
60fee7f052d4457698dcba640cc1aafa,BMW,550,i xDrive Aut. Navi Xenon Leder GSD HUD HiFi,"€ 24,997.-","92,500 km",Automatic,08/2013,Gasoline,300 kW (408 hp),Dealer,,"4,395 cc",,,,11 l/100 km (comb.)16.4 l/100 km (city)7.9 l/100 km (country),256 g/km (comb.),Euro 5,AutoScout24,No
f25e37cd20be4dfe85a5089974e089a2,Volkswagen,Taigo,Life,"€ 24,990.-1",-,Automatic,-,Gasoline,81 kW (110 hp),Dealer,7,999 cc,3,"1,260 kg",,4.9 l/100 km (comb.)6 l/100 km (city)4.2 l/100 km (country),111 g/km (comb.),Euro 6d,AutoScout24,No
ae0203e50a8b4ed59217d21c690a1ff0,Volvo,XC40,"Momentum Core, T3","€ 29,999.-1","25,936 km",Manual,06/2021,Gasoline,120 kW (163 hp),Dealer,6,"1,477 cc",,,,6.3 l/100 km (comb.)7.8 l/100 km (city)5.3 l/100 km (country),142 g/km (comb.),Euro 6d,AutoScout24,No
be2bb210735a4af9b71b1fe8854fb725,Volkswagen,Golf R,"-Line 1,5 TSI ACT ACC LED PDC Kamera Sitz&Lenkr...","€ 32,990.-1",20 km,Manual,-,Gasoline,110 kW (150 hp),Dealer,6,"1,498 cc",,"1,340 kg",,5.7 l/100 km (comb.),130 g/km (comb.),Euro 6d,AutoScout24,No
f2107258fe8a43c4a75d3b19b6355cdf,BMW,650,OTTIME CONDIZIONI GENERALI,"€ 34,000.-","75,000 km",Automatic,01/2015,Gasoline,324 kW (441 hp),Dealer,8,"4,395 cc",8,"2,055 kg",,9.3 l/100 km (comb.)13 l/100 km (city)7.2 l/100 km (country),217 g/km (comb.),Euro 6,AutoScout24,No
ed7c7655bb1d415a8794bcabca7c80cc,Ford,Mustang,5.0  V8 GT 500 Shelby Look *Auto*Xenon*,"€ 38,922.-","33,753 km",Automatic,09/2020,Gasoline,338 kW (460 hp),Dealer,,"5,038 cc",,,,12.4 l/100 km (comb.)18.8 l/100 km (city)8.7 l/100 km (country),277 g/km (comb.),Euro 6,AutoScout24,No
b33829d6c72e4790969e892848b0a29f,Cupra,Born,58 kWh (Wärmepumpe*GJR*Pilot M) NAVI LED FLA,"€ 33,940.-1","5,290 km",Automatic,12/2022,Electric,150 kW (204 hp),Dealer,,,,,Electricity,,,Euro 6,AutoScout24,No
ac74d818f1bd45ec8f59899e17b5ecd7,BMW,218,218dA Gran Coupé,"€ 41,900.-1",0 km,Automatic,02/2023,Diesel,110 kW (150 hp),Dealer,8,"1,995 cc",4,"1,470 kg",,4.2 l/100 km (comb.)5.4 l/100 km (city)2.9 l/100 km (country),,,AutoScout24,No
657dd049a76042c7b5fa9cbffb967f1e,BMW,218,218dA Gran Coupé,"€ 41,900.-1",0 km,Automatic,02/2023,Diesel,110 kW (150 hp),Dealer,8,"1,995 cc",4,"1,470 kg",,4.2 l/100 km (comb.)5.4 l/100 km (city)2.9 l/100 km (country),,,AutoScout24,No
fbd6fee8642a480a977ba37960f40cfc,BMW,218,218dA Gran Coupé,"€ 41,900.-1",0 km,Automatic,02/2023,Diesel,110 kW (150 hp),Dealer,8,"1,995 cc",4,"1,470 kg",,4.2 l/100 km (comb.)5.4 l/100 km (city)2.9 l/100 km (country),,,AutoScout24,No
15e698b63adb4b6da7b466a55402132e,Lynk & Co,01,PHEV LED/PANO/NAV/D-ASSIST+/360°CAM/NEW MODEL,"€ 33,290.-1","9,234 km",Automatic,04/2022,Electric/Gasoline,192 kW (261 hp),Dealer,7,"1,477 cc",3,"1,954 kg",Electricity,,,Euro 6d,AutoScout24,No
4986d1227ced49359c8df4ede2ef917d,Porsche,Cayman,Cayman 2.9 Tagliandata Porsche,"€ 42,500.-","55,000 km",Manual,02/2011,Gasoline,195 kW (265 hp),Dealer,6,"2,893 cc",6,"1,405 kg",,9.4 l/100 km (comb.)13.8 l/100 km (city)6.9 l/100 km (country),221 g/km (comb.),Euro 5,AutoScout24,No
3a3d084208f348e39841e28c3c4be614,Peugeot,e-208,"GT. 50kWh. Bestausstattung: Panorama, Alcantara","€ 34,500.-1","1,500 km",Automatic,12/2022,Electric,100 kW (136 hp),Dealer,,,,"1,530 kg",Electricity,,,Euro 6d-TEMP,AutoScout24,No
7ad8009c03834c628252f343dcb9b93c,Cupra,Born,58 kWh (Wärmepumpe*Pilot M Paket) NAVI LED,"€ 33,350.-1","13,640 km",Automatic,12/2022,Electric,150 kW (204 hp),Dealer,,,,,Electricity,,,Euro 6,AutoScout24,No
5fdfe7a80a47489e94203959137eda02,BMW,Z4,Z4A sDrive35is,"€ 38,980.-","34,000 km",Automatic,06/2016,Gasoline,250 kW (340 hp),Dealer,7,"2,979 cc",6,"1,600 kg",,9 l/100 km (comb.)12.6 l/100 km (city)6.9 l/100 km (country),,,AutoScout24,No
bd744ba357fd43ba8e84425277a6de66,Lynk & Co,01,PHEV LED/PANO/NAV/D-ASSIST+/360°CAM/NEW MODEL,"€ 34,490.-1","1,688 km",Automatic,07/2022,Electric/Gasoline,192 kW (261 hp),Dealer,7,"1,477 cc",3,"1,954 kg",Electricity,,,Euro 6d,AutoScout24,No
2313fad1ad7446c19bbd5475a8e15054,Jaguar,I-Pace,EV400 S ✅ Leder ✅ Pano ✅ Meridian,"€ 36,940.-","73,556 km",Automatic,12/2018,Electric,294 kW (400 hp),Dealer,,,,"2,144 kg",Electricity,,,,AutoScout24,No
e733f6b0e16a4fd9ae1998abf41c9b98,BMW,218,218dA Gran Coupé,"€ 41,900.-1",0 km,Automatic,02/2023,Diesel,110 kW (150 hp),Dealer,8,"1,995 cc",4,"1,470 kg",,4.2 l/100 km (comb.)5.4 l/100 km (city)2.9 l/100 km (country),,,AutoScout24,No
fd50792d3fe74824905d4d86dff69d63,Mercedes-Benz,C 63 AMG,500 HP AMG,"€ 34,950.-","110,888 km",,05/2010,Gasoline,361 kW (491 hp),Dealer,7,"6,208 cc",8,"1,630 kg",,13.4 l/100 km (comb.)20.9 l/100 km (city)9.2 l/100 km (country),319 g/km (comb.),Euro 4,AutoScout24,No
55c34fed774c4620a3a8f4a8eec67dd7,Ford,F 150,RAPTOR SVT 6.2 L LPG,"€ 42,900.-","114,650 km",Automatic,07/2014,Gasoline,308 kW (419 hp),Dealer,,"6,210 cc",8,,,,,Euro 6,AutoScout24,No
9d2e237b816241f7a8e0401f55ca04c6,Volvo,V60,B4 Mild Hybride Bright + PARKEERVERWARMING,"€ 41,800.-1","5,500 km",Automatic,01/2023,Gasoline,145 kW (197 hp),Dealer,,,,,,,,,AutoScout24,No
801bb8d0022e4eb9b39c0b9e982d2720,Volkswagen,Tiguan,2.0 TDI SCR R-Line DSG,"€ 35,950.-","64,424 km",Automatic,03/2021,Diesel,110 kW (150 hp),Dealer,,"1,968 cc",,,,4.6 l/100 km (comb.)5.5 l/100 km (city)4.1 l/100 km (country),122 g/km (comb.),Euro 6d-TEMP,AutoScout24,No
018d5b116ea24c2684122a5d4e985e33,Volkswagen,Golf GTD,- DSG - HUD/Pano/IQ/Camera,"€ 34,900.-","42,000 km",Automatic,06/2021,Diesel,147 kW (200 hp),Dealer,7,"1,968 cc",4,"1,466 kg",,,,Euro 6d,AutoScout24,No
4100ceca8aad456aa1e818b5da9d2f6e,Ford,Mustang,GT V8 5.0 Fastback + Sportauspuff + (DE),"€ 38,690.-","75,335 km",Manual,01/2017,Gasoline,310 kW (421 hp),Dealer,6,"4,951 cc",8,"1,799 kg",,13.5 l/100 km (comb.)20 l/100 km (city)9.6 l/100 km (country),319 g/km (comb.),Euro 6,AutoScout24,No
82ce7eb8c9704c5c97c0b573686b186b,Peugeot,5008,1.2 PureTech 96kW S&S Allure Pack,"€ 36,589.-1",3 km,Manual,02/2023,Gasoline,96 kW (131 hp),Dealer,6,"1,199 cc",3,"1,562 kg",,6.3 l/100 km (comb.)0 l/100 km (city)0 l/100 km (country),143 g/km (comb.),Euro 6,AutoScout24,No
1930b69a3a40440faf7fec8104c89ff1,Lynk & Co,01,PHEV LED/PANO/NAV/D-ASSIST+/360°CAM/NEW MODEL,"€ 32,990.-1","10,550 km",Automatic,04/2022,Electric/Gasoline,192 kW (261 hp),Dealer,7,"1,477 cc",3,"1,954 kg",Electricity,,,Euro 6d,AutoScout24,No
95fc4f8f980044a59b2ab6a4ae06e4ca,BMW,218,218dA Gran Coupé,"€ 41,900.-1",0 km,Automatic,02/2023,Diesel,110 kW (150 hp),Dealer,8,"1,995 cc",4,"1,470 kg",,4.2 l/100 km (comb.)5.4 l/100 km (city)2.9 l/100 km (country),,,AutoScout24,No
e4bca93b69c24451872265f3bff45eee,MG,Marvel R,Luxury,"€ 42,500.-1",1 km,Automatic,09/2022,Electric,65 kW (88 hp),Dealer,2,,0,"1,810 kg",,,,,AutoScout24,No
bcc6f1ea30344ea7b5c78872130433a0,Alfa Romeo,Stelvio,2.2 JTDM 190HP AWD TI MY20,"€ 34,950.-1","99,252 km",Automatic,11/2020,Diesel,140 kW (190 hp),Dealer,8,"2,143 cc",4,"1,720 kg",,,,Euro 1,AutoScout24,No
3082821db51a4a3db4c54e57eaa17e30,Audi,Q7,3.0 TDI Autom - 7pl - Bose - Topstaat! 1Ste Eig!,"€ 39,990.-1","129,435 km",Automatic,06/2016,Diesel,200 kW (272 hp),Dealer,,"2,967 cc",6,,,,,Euro 6,AutoScout24,No
3efd95c48d6b49dea5659867cd51edbd,Kia,Sportage,1.6 T-GDi PHEV Tech 4x4,"€ 39,600.-","4,000 km",Automatic,04/2023,Electric/Gasoline,196 kW (266 hp),Dealer,6,"1,598 cc",4,"1,830 kg",Electricity,0 l/100 km (comb.),,,AutoScout24,No
3c42181698ae4f59b893350e99db1c90,Renault,Austral,1.3 mild hybrid Techno 160cv auto,"€ 33,500.-1",1 km,Automatic,06/2023,Electric/Gasoline,116 kW (158 hp),Dealer,2,"1,333 cc",4,"2,003 kg",Electricity,,,Euro 6,AutoScout24,No
b95f2d5ba71d44dcb4f3df2ffec64eb4,Nissan,Qashqai,1.5 VC-T e-Power N-Connecta WP*Business,"€ 40,500.-1",0 km,Automatic,-,Electric/Gasoline,140 kW (190 hp),Dealer,,"1,500 cc",4,,Electricity,5.3 l/100 km (comb.),109 g/km (comb.),Euro 6d,AutoScout24,No
5cec23d30b32408980ec8ee6fa094ff2,Audi,A3,Sportback Audi A3 Sportback S line 35 TFSI  110(15,"€ 34,950.-","29,317 km",Automatic,03/2021,Gasoline,110 kW (150 hp),Dealer,,"1,498 cc",,,,4.8 l/100 km (comb.)5.9 l/100 km (city)4.1 l/100 km (country),114 g/km (comb.),Euro 6d-TEMP,AutoScout24,No
4ca285e054fe4a7098c882aa9ba5eccc,BMW,320,iAS *SPORTSEATS*ACC*VIRTUAL COCKPIT*LED*LEDER*,"€ 35,950.-","33,840 km",Automatic,07/2020,Gasoline,135 kW (184 hp),Dealer,8,"1,998 cc",4,"1,570 kg",,,,Euro 6,AutoScout24,No
9f9d2966d0b34659bd89435e2e29adfa,Renault,Megane E-Tech,Iconic Optimum Charge EV60 160kW,"€ 31,950.-","3,400 km",Automatic,12/2022,Electric,160 kW (218 hp),Dealer,1,,,,,,,,AutoScout24,No
68c9fb850db340b68d5f403817a063c8,Lynk & Co,01,PHEV LED/PANO/NAV/D-ASSIST+/360°CAM/NEW MODEL,"€ 34,290.-1","2,107 km",Automatic,08/2022,Electric/Gasoline,192 kW (261 hp),Dealer,7,"1,477 cc",3,"1,954 kg",Electricity,,,Euro 6d,AutoScout24,No
4354f89bcfa24771b8780609a9afa754,BMW,218,218dA Gran Coupé,"€ 41,900.-1",0 km,Automatic,02/2023,Diesel,110 kW (150 hp),Dealer,8,"1,995 cc",4,"1,470 kg",,4.2 l/100 km (comb.)5.4 l/100 km (city)2.9 l/100 km (country),,,AutoScout24,No
8accaf31291e4a129fea1235d19298b8,Volkswagen,Amarok,DC 3.0 V6 tdi  4motion  224cv auto!IVA ESPOSTA,"€ 33,607.-1","75,000 km",Automatic,07/2018,Diesel,165 kW (224 hp),Dealer,8,"2,967 cc",6,"2,078 kg",,7.8 l/100 km (comb.)8.6 l/100 km (city)7.3 l/100 km (country),204 g/km (comb.),Euro 6,AutoScout24,No
3f7be12b7cde4d6b820c61756557e216,Jaguar,F-Type,Coupe Aut. - MAYEN,"€ 44,990.-","67,950 km",Automatic,04/2018,Gasoline,250 kW (340 hp),Dealer,8,"2,995 cc",6,"1,577 kg",,9.8 l/100 km (comb.)13.4 l/100 km (city)7.8 l/100 km (country),224 g/km (comb.),Euro 6,AutoScout24,No
e240874d61e042cd88c2e30969c303ff,Mercedes-Benz,E 63 AMG,E63 AMG T ACC-CAM-PANO-H&K-4xSHZ-SLÜ-CARBON-NAVI,"€ 36,663.-","88,900 km",Automatic,04/2012,Gasoline,410 kW (557 hp),Dealer,,"5,461 cc",,,,10 l/100 km (comb.)13.9 l/100 km (city)7.8 l/100 km (country),237 g/km (comb.),Euro 5,AutoScout24,No
ae79ace48f5345e3ba4c85f23e53022b,Porsche,Panamera,4.8b 400cv 4S-77600km,"€ 36,800.-","77,600 km",Automatic,03/2011,Gasoline,294 kW (400 hp),Dealer,7,"4,806 cc",8,"1,935 kg",,11.1 l/100 km (comb.)16.4 l/100 km (city)8.1 l/100 km (country),260 g/km (comb.),,AutoScout24,No
325b8f0644db4ae58c56fabd9cbfc359,Jaguar,I-Pace,EV400 HSE,"€ 37,950.-1","27,810 km",Automatic,12/2018,Electric,294 kW (400 hp),Dealer,,,,"2,144 kg",Electricity,,,,AutoScout24,No
f9fb8397f8c349249d206bdaa8b50538,BMW,235,M235i Cabrio Aut.,"€ 33,490.-","34,195 km",Automatic,06/2015,Gasoline,240 kW (326 hp),Dealer,8,"2,979 cc",,"1,695 kg",,,,Euro 6,AutoScout24,No
a81d9828c0b04da1886e3b0fb2326383,Lynk & Co,01,PHEV AHK/PANO/NAV/D-ASSIST+/360°CAM/NEW MODEL,"€ 33,990.-1","15,971 km",Automatic,04/2022,Electric/Gasoline,192 kW (261 hp),Dealer,7,"1,477 cc",3,"1,954 kg",Electricity,,,Euro 6d,AutoScout24,No
64fc67e82a574dce8eb436906d1e6167,Mercedes-Benz,C 300,PAN DAK/BURMESTER/COMAND/360° CAMERA,"€ 40,999.-","23,000 km",Automatic,07/2020,Gasoline,190 kW (258 hp),Dealer,9,"1,991 cc",4,"1,600 kg",Electricity,,,Euro 6d,AutoScout24,No
12dbe1ebbbc94f4987bcdbc7272b85a1,Land Rover,Range Rover Velar,2.0d R-Dynamic 240CV GANCIO TRAINO 21'' TELECAMERA,"€ 39,900.-","121,000 km",Automatic,01/2020,Diesel,177 kW (241 hp),Dealer,8,"1,999 cc",4,"1,911 kg",,5.9 l/100 km (comb.)6.9 l/100 km (city)5.4 l/100 km (country),180 g/km (comb.),Euro 6d-TEMP,AutoScout24,No
04e9816315cf45fcb7fbb211af9a326c,Lynk & Co,01,1.5 262pk Black Plug in Navi/Cam Pano.dak Adapt.Cr,"€ 30,900.-1","30,469 km",Automatic,07/2021,Electric/Gasoline,192 kW (261 hp),Dealer,7,"1,477 cc",3,"1,854 kg",Electricity,1.2 l/100 km (comb.),39 g/km (comb.),Euro 6,AutoScout24,No
4215ea6e2e544d5b94e0882c20caea5d,Peugeot,208,e-208 50kWh GT Pack,"€ 32,989.-1","1,930 km",Automatic,12/2022,Electric,100 kW (136 hp),Dealer,1,,,"1,455 kg",,,,,AutoScout24,No
6eaee947e24b4dc3befc62c1d304019e,Jaguar,F-Pace,2.0d awd  240CV PRESTIGE TETTO IVA ESP. TELECAMERA,"€ 30,900.-1","116,000 km",Automatic,02/2020,Diesel,177 kW (241 hp),Dealer,8,"1,999 cc",4,"1,880 kg",,6.3 l/100 km (comb.)7.6 l/100 km (city)5.5 l/100 km (country),182 g/km (comb.),Euro 6d-TEMP,AutoScout24,No
06ed07eb62e94cdaa8ae66def8b30d43,Audi,A3,35 TDI ADVANCED NAVI ACC KAMERA,"€ 30,150.-1","27,678 km",Automatic,08/2022,Diesel,110 kW (150 hp),Dealer,7,"1,968 cc",4,"1,495 kg",,,,Euro 6d,AutoScout24,No
fb4a90df8057448dadfd824fa9fc4207,Mercedes-Benz,C 63 AMG,S T Speedshift 7G-MCT Navi/Temp/Alcanta,"€ 41,990.-","102,000 km",Automatic,10/2015,Gasoline,375 kW (510 hp),Dealer,,"3,982 cc",,,,8.4 l/100 km (comb.)10.9 l/100 km (city)6.9 l/100 km (country),196 g/km (comb.),Euro 6,AutoScout24,No
4e5fd2ab12d1440aafe35d276fbe5f28,Lynk & Co,01,PHEV LED/PANO/NAV/D-ASSIST+/360°CAM/NEW MODEL,"€ 33,990.-1","3,344 km",Automatic,04/2022,Electric/Gasoline,192 kW (261 hp),Dealer,7,"1,477 cc",3,"1,954 kg",Electricity,,,Euro 6d,AutoScout24,No
41a4906f959d475086072422ac161bd9,Mercedes-Benz,GLC 220,d 4-Matic,"€ 35,500.-","105,644 km",Automatic,07/2018,Diesel,120 kW (163 hp),Dealer,9,"2,143 cc",4,"1,845 kg",,5 l/100 km (comb.)5.7 l/100 km (city)4.7 l/100 km (country),,Euro 6d,AutoScout24,No
c36b45ca0eff4e2ab834f390ff548ad9,Mercedes-Benz,GLB 200,d * BTW/TVA * CAMERA * 2XPANO * LANE * CRUISE *,"€ 36,905.-1","76,947 km",Automatic,02/2021,Diesel,110 kW (150 hp),Dealer,8,"1,950 cc",4,"1,680 kg",,,,Euro 6d,AutoScout24,No
2ca17eb44193453db64b321e4aee7d27,BMW,330,"330e High Executive M-sportpakket, 218 PK, ACC, CA","€ 38,450.-","52,447 km",,07/2020,Electric/Gasoline,218 kW (296 hp),Dealer,8,"1,998 cc",4,"1,745 kg",Electricity,1.6 l/100 km (comb.),,,AutoScout24,No
29341bf2436749dd8b33e15ecb997d74,Volvo,V60,D3 R Design Automaat,"€ 33,990.-1","29,500 km",Automatic,12/2021,Diesel,110 kW (150 hp),Dealer,,,,,,,,,AutoScout24,No
ff78f28506ca45ef996fe0737aad4b79,BMW,520,PACK M HEAD UP TOIT OUVRANT CRUISE ADAP FEUX LASER,"€ 36,990.-","119,929 km",Automatic,12/2020,Diesel,140 kW (190 hp),Dealer,8,"1,995 cc",4,"1,750 kg",,,,Euro 6d,AutoScout24,No
95d7c93677b6479197c2a397f084e463,Mercedes-Benz,ML 63 AMG,525PS V8 Biturbo 4-Matic Panorama H&K,"€ 36,999.-","137,083 km",Automatic,05/2012,Gasoline,386 kW (525 hp),Dealer,,"5,461 cc",,,,11.8 l/100 km (comb.)15.7 l/100 km (city)9.6 l/100 km (country),280 g/km (comb.),Euro 5,AutoScout24,No
d050090ea0034395b219b13728c9147a,Mercedes-Benz,CLS 63 AMG,63 SW AMG Performance TETTO APRIBILE,"€ 38,890.-1","70,000 km",Automatic,06/2013,Gasoline,409 kW (556 hp),Dealer,7,"5,461 cc",8,"2,105 kg",,10.1 l/100 km (comb.)14 l/100 km (city)7.8 l/100 km (country),235 g/km (comb.),Euro 5,AutoScout24,No
e1a7a6f83adc49c79076e746e78217c9,Audi,A6,"3,0 TDI Competition clean Diesel Quattro tiptronic","€ 39,900.-","123,500 km",Automatic,06/2016,Diesel,240 kW (326 hp),Dealer,8,"2,967 cc",6,"1,940 kg",,,,Euro 5,AutoScout24,No
4e27f81168ce44b9a2f6cddb59841905,Audi,TT,Coupe 45 TFSI Quattro / VIRTUAL COCKPIT / LED,"€ 37,444.-","48,000 km",Automatic,06/2020,Gasoline,180 kW (245 hp),Dealer,,"1,984 cc",4,,,,,Euro 6d-TEMP,AutoScout24,No
b1375b485eff4ef3a3ba37bb822e06f8,Volkswagen,Polo GTI,VI 2.0 TSI LED NAVI KLIMA SHZ PDC,"€ 31,990.-1","3,800 km",Automatic,01/2023,Gasoline,152 kW (207 hp),Dealer,7,"1,984 cc",4,"1,372 kg",,,,Euro 6d,AutoScout24,No
6049393075404d8c9b12250556d19543,Audi,A8,"S8 4,0 FSI V8 quattro Tiptronic","€ 39,980.-","149,091 km",Automatic,04/2013,Gasoline,382 kW (519 hp),Dealer,8,"3,993 cc",,"2,050 kg",,,,Euro 5,AutoScout24,No
c621b100b6f24bce89423d6a02ccf1f0,Kia,Ceed / cee'd,"Ceed GT DCT, Panoramadach, Navi, Leder","€ 33,900.-1",5 km,Automatic,-,Gasoline,150 kW (204 hp),Dealer,,"1,591 cc",,,,6.5 l/100 km (comb.)8.2 l/100 km (city)5.5 l/100 km (country),147 g/km (comb.),Euro 6d,AutoScout24,No
6e0b3030ebea44d8a736a70493669490,Lynk & Co,01,1.5 262pk Black Plug in Navi/Cam Pano.dak Incl.BTW,"€ 30,900.-1","37,698 km",Automatic,09/2021,Electric/Gasoline,192 kW (261 hp),Dealer,7,"1,477 cc",3,"1,854 kg",Electricity,1.2 l/100 km (comb.),39 g/km (comb.),Euro 6,AutoScout24,No
d388a4aae4ba45c481410eb5fe2fea81,Abarth,695,MY22 1.4 T-Jet 132 kW (180 PS) AD Navi Soundsystem,"€ 33,190.-1",5 km,Manual,-,Gasoline,132 kW (179 hp),Dealer,5,"1,368 cc",4,"1,065 kg",,7.2 l/100 km (comb.)10.5 l/100 km (city)6.7 l/100 km (country),162 g/km (comb.),Euro 6d,AutoScout24,No
9a4b585da9604010ac9b5a3cbaea8102,MG,MG5,EV Long Range 380 km Luxury,"€ 34,825.-","8,000 km",Automatic,04/2023,Electric,115 kW (156 hp),Dealer,,0 cc,,,Electricity,,,,AutoScout24,No
f2b157d7221445dc826ea7704fc1fdcc,BMW,125,128ti auto M-Sport,"€ 39,900.-","43,000 km",Semi-automatic,02/2021,Gasoline,195 kW (265 hp),Dealer,8,"1,998 cc",4,"1,595 kg",,6.1 l/100 km (comb.)7.5 l/100 km (city)5.2 l/100 km (country),157 g/km (comb.),Euro 6d-TEMP,AutoScout24,No
7bb00a01c782494793a59f21f9e69f9f,Audi,A5,45 Sportback TFSI quattro Aut MATRIX R-KAMERA,"€ 35,990.-","51,000 km",Automatic,05/2021,Gasoline,195 kW (265 hp),Dealer,7,"1,984 cc",4,"1,670 kg",,7.1 l/100 km (comb.)9.2 l/100 km (city)5.9 l/100 km (country),163 g/km (comb.),,AutoScout24,No
8dbd68c19b7d4048915909f733e8451d,Mitsubishi,ASX,Plug-In Hybrid Intro Edition 1.6 Neues Modell,"€ 36,790.-1",0 km,Automatic,-,Electric/Gasoline,117 kW (159 hp),Dealer,,"1,598 cc",4,,Electricity,,,Euro 6d,AutoScout24,No
0193248638b145c7b868a4761f204201,Mercedes-Benz,CLA 220,i Aut / Amg / Pano / Led / Cam * 1 Jaar Garantie *,"€ 35,900.-","34,000 km",Automatic,07/2020,Gasoline,140 kW (190 hp),Dealer,7,"1,991 cc",4,"1,515 kg",,5.9 l/100 km (comb.)5.2 l/100 km (city)4.9 l/100 km (country),142 g/km (comb.),Euro 6d,AutoScout24,No
ddb0f10dd3ce42b3ab1a6433f51436b2,Mercedes-Benz,GLE 250,d 4-Matic 2016 panodak trekhaak,"€ 34,500.-","71,900 km",Automatic,03/2016,Diesel,150 kW (204 hp),Dealer,9,"2,143 cc",4,"2,150 kg",,5.7 l/100 km (comb.)6.3 l/100 km (city)5.3 l/100 km (country),155 g/km (comb.),Euro 6,AutoScout24,No
c31574f118ac4b09a98ef1dfeb0099ac,Hyundai,KONA,2.0 TGDI DCT KONA N Performance Glasdach ACC,"€ 36,990.-1",-,Automatic,-,Gasoline,206 kW (280 hp),Dealer,8,"1,998 cc",4,"1,585 kg",,,,Euro 6d-TEMP,AutoScout24,No
ef33f30fea0a403f94a88cbe8ee664c1,Lynk & Co,01,1.5 Plug in Navi/Cam Pano.dak Trekhaak(1800kg) Pan,"€ 30,899.-1","24,632 km",Automatic,08/2021,Electric/Gasoline,192 kW (261 hp),Dealer,7,"1,477 cc",3,"1,854 kg",Electricity,1.2 l/100 km (comb.),39 g/km (comb.),Euro 6,AutoScout24,No
9647210679f7481db333158cdcc45750,Audi,Q5,35 2.0 tdi Business Design 163cv s-tronic,"€ 35,900.-","29,000 km",Automatic,11/2020,Diesel,120 kW (163 hp),Dealer,7,"1,968 cc",4,"1,845 kg",,5.4 l/100 km (comb.)6 l/100 km (city)5.1 l/100 km (country),144 g/km (comb.),Euro 6,AutoScout24,No
cfe9422fdbff42dea4ed8afe11afa39f,Lexus,UX 300e,Business,"€ 35,900.-","50,200 km",Automatic,04/2021,Electric,150 kW (204 hp),Dealer,,,,"1,785 kg",,,,,AutoScout24,No
992ba8a0aae84845a5daf48bee193adb,Cupra,Formentor,1.4 TSI HYBRID VZ  DSG Klima LED Navi,"€ 34,930.-1","18,040 km",Automatic,05/2021,Electric/Gasoline,180 kW (245 hp),Dealer,,"1,395 cc",4,,Electricity,1.9 l/100 km (comb.),43 g/km (comb.),,AutoScout24,No
f8219b61108d45239d1ecbf17f646643,Audi,Q5,50TDI S-Tronic quattro S line +Dig.Tacho+Pano,"€ 35,900.-1","84,500 km",Automatic,02/2019,Diesel,210 kW (286 hp),Dealer,8,"2,967 cc",6,"1,945 kg",,6.2 l/100 km (comb.)6.9 l/100 km (city)5.8 l/100 km (country),162 g/km (comb.),Euro 6,AutoScout24,No
60bf967245044ec5b5dfc1b4711e3a41,Volkswagen,Crafter,35 2.0TDI 109CV Adatta a portatori di Handicap,"€ 35,000.-","1,000 km",Automatic,06/2015,Diesel,80 kW (109 hp),Dealer,6,"2,000 cc",4,,,0 l/100 km (comb.)0 l/100 km (city)0 l/100 km (country),,Euro 5,AutoScout24,No
046800207fdd468499570491fd5ead31,MINI,Cooper SE,3-Türer *SOFORT VERFÜGBAR*,"€ 34,990.-1",0 km,Automatic,-,Electric,135 kW (184 hp),Dealer,1,0 cc,,"1,440 kg",Electricity,,,,AutoScout24,No
698f8e740e78465fb5b82016e0b8a8ee,smart,smart #1,BRABUS Head-Up+Fahrassistenz-Paket+LED+Glasda,"€ 41,150.-1","8,231 km",Automatic,12/2022,Electric,315 kW (428 hp),Dealer,1,,,,Electricity,,,Euro 6,AutoScout24,No
94a8028755554b508186cda9244545c9,Porsche,Boxster,2.9 Bi-Xenon - Leder - Navi,"€ 38,950.-","39,998 km",Manual,07/2010,Gasoline,188 kW (256 hp),Dealer,6,"2,893 cc",6,"1,335 kg",,9.4 l/100 km (comb.)13.8 l/100 km (city)6.9 l/100 km (country),0 g/km (comb.),,AutoScout24,No
